start_node_id,end_node_id,properties.Role,properties.Since,properties.Until
Jessica Thomas,Right-sized needs-based middleware,Asistente de efectos especiales,2014-3-15,1960-1-21
Thomas Johnson,Focused fault-tolerant conglomeration,Casting,1982-11-2,1927-10-20
Mark Taylor,Multi-layered high-level flexibility,Sonidista,1964-5-4,1900-11-7
Robert Wilson,Cross-group full-range framework,Asistente de maquillaje,1950-9-19,2009-1-5
James Brown,Seamless modular pricing structure,Actor,1982-11-28,1912-10-18
Jennifer Martinez,Cloned analyzing groupware,Guionista,2017-6-10,1903-11-20
Robert Jones,Team-oriented background model,Productor,1910-4-9,2011-5-5
Elizabeth Hall,Versatile upward-trending forecast,Editor,1947-7-16,2017-8-14
James Moore,Face-to-face foreground task-force,Asistente de musica,1922-10-8,1943-6-9
Sarah Martin,Customizable stable approach,Asistente de camara,1996-7-26,2003-1-16
David Jones,Profit-focused system-worthy solution,Asistente de efectos visuales,1935-7-16,1916-7-18
Christopher Anderson,Focused well-modulated circuit,Sonidista,2010-11-27,1935-6-17
David Johnson,Vision-oriented composite functionalities,Maquillador,1904-1-24,1950-1-1
Margaret Anderson,Ameliorated fresh-thinking superstructure,Asistente de maquillaje,1953-4-27,1955-12-5
Linda Thompson,Monitored fault-tolerant model,Asistente de camara,2000-10-20,2013-3-16
Patricia Harris,Persevering stable service-desk,Asistente de direccion,1906-10-28,1999-2-14
Patricia Young,Business-focused holistic application,Asistente de produccion,1961-6-25,1976-6-20
Matthew Brown,Automated system-worthy website,Disenador de produccion,1960-1-4,1969-7-15
Mark Jones,Focused hybrid knowledge user,Casting,1969-2-7,1980-4-16
Matthew Martin,Virtual asymmetric policy,Maquillador,1921-8-17,2004-5-16
Karen White,Integrated zero-defect synergy,Efectos visuales,1930-2-24,1951-10-20
Richard Rodriguez,Cloned executive moratorium,Asistente de arte,1943-3-23,1913-11-16
William White,Function-based client-server projection,Asistente de camara,2000-6-11,1955-2-8
John Rodriguez,Centralized optimal functionalities,Sonidista,1967-8-9,1965-12-2
Daniel Jones,Adaptive solution-oriented throughput,Asistente de direccion,1914-11-14,1926-7-9
Thomas Taylor,Devolved regional system engine,Asistente de camara,1905-2-28,1914-9-8
Elizabeth Martin,Customer-focused needs-based Graphical User Interface,Director,2010-12-21,1903-7-7
Richard Allen,Persistent client-server artificial intelligence,Guionista,1909-7-26,1987-11-18
David Thompson,Devolved coherent software,Disenador de vestuario,1972-1-22,2016-9-13
David Jones,Fundamental intermediate alliance,Asistente de camara,1991-5-22,1999-12-1
William Moore,Customizable optimizing array,Asistente de arte,1965-9-16,1982-10-23
James Allen,Ameliorated fresh-thinking superstructure,Editor,1981-8-24,2007-8-17
Jennifer Jackson,Face-to-face fresh-thinking productivity,Efectos visuales,2007-10-12,1938-8-3
Mary Walker,Versatile cohesive portal,Asistente de sonido,1900-7-19,1931-2-11
Patricia White,Grass-roots mobile open system,Camarografo,2009-6-22,1969-9-20
Jessica Thomas,Vision-oriented composite circuit,Actor,1910-11-10,1921-6-19
Patricia Anderson,Innovative asymmetric migration,Asistente de animacion,2020-12-9,1971-6-27
Ashley Lewis,Synergistic logistical approach,Asistente de musica,1966-12-10,2015-10-22
Nancy Brown,Self-enabling encompassing Graphic Interface,Efectos visuales,1940-10-27,1980-5-10
Nancy Martinez,Synchronized tangible projection,Animador,1990-10-11,1912-3-14
Christopher Young,Expanded mobile function,Animador,1917-6-7,2016-9-28
Susan Davis,Configurable leadingedge Graphical User Interface,Animador,1983-4-23,1963-3-24
Christopher Johnson,Automated dedicated moratorium,Guionista,1967-2-6,1924-4-27
Barbara Rodriguez,Fully-configurable regional budgetary management,Camarografo,1997-3-11,1906-9-4
Nancy Lewis,De-engineered modular system engine,Efectos visuales,2012-2-10,1907-3-13
Barbara Martinez,Devolved dynamic projection,Asistente de efectos especiales,2008-12-9,2004-4-14
Linda Jackson,Upgradable executive frame,Asistente de sonido,2001-2-18,1920-5-15
Sandra Rodriguez,Sharable systemic collaboration,Asistente de animacion,2006-9-22,1969-1-24
James Thomas,Universal responsive definition,Musica,1973-8-26,2003-9-21
Jennifer Hernandez,Exclusive uniform success,Asistente de produccion,1955-7-12,1913-2-1
Margaret Garcia,Virtual optimal hub,Asistente de produccion,1962-12-9,1905-5-23
David Martinez,Polarized mission-critical infrastructure,Director,2005-7-10,1948-7-6
David Thompson,Realigned leadingedge hierarchy,Asistente de musica,1958-12-28,2005-11-26
Matthew Miller,Reverse-engineered non-volatile support,Disenador de vestuario,1970-5-20,1990-7-16
Anthony Martinez,Exclusive intangible database,Asistente de sonido,1947-8-12,1954-9-17
David Brown,Public-key systemic methodology,Asistente de direccion,1947-2-26,1926-6-22
Mary Martin,Mandatory zero administration implementation,Animador,1993-5-1,2018-3-24
David Thompson,Self-enabling asymmetric knowledge user,Efectos especiales,1950-3-20,1926-12-16
Mary Davis,Inverse homogeneous superstructure,Maquillador,2016-6-16,1941-7-13
Robert Robinson,Organized systematic middleware,Asistente de efectos visuales,1997-3-12,1932-3-14
Charles Thomas,Re-contextualized heuristic hardware,Casting,1911-12-12,2017-11-17
Karen Davis,Exclusive methodical hierarchy,Asistente de arte,1965-8-20,1923-2-16
William Moore,Operative attitude-oriented product,Efectos visuales,1919-3-4,1946-4-17
Jessica Hall,Quality-focused client-server structure,Asistente de doblaje,1967-2-28,1971-7-8
David Wilson,Diverse zero tolerance synergy,Asistente de casting,2007-6-21,2009-12-11
Sandra Miller,Virtual transitional contingency,Editor,1998-8-15,2003-6-13
Sandra Taylor,Profound eco-centric portal,Asistente de vestuario,2001-5-6,2012-4-16
Ashley White,Profound attitude-oriented frame,Asistente de direccion,1909-11-25,2000-2-24
Thomas Brown,Public-key zero tolerance encryption,Disenador de produccion,1972-8-19,1906-4-14
David Thompson,Focused well-modulated circuit,Sonidista,1950-6-21,1913-10-22
Mark Lee,De-engineered modular system engine,Camarografo,1914-5-3,1996-10-22
Joseph Garcia,Reverse-engineered fresh-thinking extranet,Sonidista,2001-7-19,1916-6-26
James Wilson,Visionary logistical utilization,Asistente de camara,1915-5-23,1996-10-10
Anthony Harris,Phased 6thgeneration conglomeration,Asistente de camara,1965-3-26,1962-2-10
David Lee,Focused clear-thinking monitoring,Asistente de musica,1942-12-21,1935-11-24
Joseph Martin,Focused clear-thinking monitoring,Asistente de musica,1949-10-23,1959-6-12
Thomas Miller,Cross-group full-range throughput,Maquillador,1920-10-5,1980-3-23
Anthony Wilson,Mandatory zero tolerance encoding,Actor,1998-7-22,1998-11-20
Ashley Clark,Balanced high-level solution,Asistente de efectos especiales,1994-3-4,1977-4-23
Anthony Thompson,Open-source optimizing paradigm,Asistente de maquillaje,1993-3-24,2018-3-4
William Davis,Multi-lateral dedicated functionalities,Editor,1928-6-27,1975-7-25
Jessica Smith,Exclusive methodical hierarchy,Asistente de sonido,1974-11-13,1976-5-2
Mark Jones,Cloned demand-driven functionalities,Asistente de direccion,1936-12-7,1960-12-4
Christopher Robinson,Cross-group exuding solution,Actor,1906-4-27,1990-12-14
Susan Brown,Open-architected clear-thinking intranet,Guionista,1930-1-6,1942-11-9
Christopher Lewis,Virtual disintermediate moderator,Asistente de vestuario,1971-7-9,1938-3-18
Christopher Smith,Profound motivating artificial intelligence,Casting,2007-2-17,1958-2-26
Margaret Lewis,Customer-focused coherent orchestration,Asistente de sonido,2004-4-27,1929-1-23
Barbara Allen,Monitored hybrid forecast,Asistente de camara,1902-12-8,1921-2-17
Lisa Young,Organized clear-thinking policy,Doblaje,2010-7-23,1918-4-2
Michael Rodriguez,Total responsive emulation,Asistente de efectos visuales,1990-12-21,1993-4-20
Michael Thomas,Multi-channeled 5thgeneration orchestration,Productor,1935-9-1,1985-3-28
Daniel Martin,Phased 6thgeneration conglomeration,Musica,1905-10-28,1922-9-18
Sandra Wilson,Total responsive emulation,Asistente de casting,1931-9-5,1927-12-5
Michael Brown,Stand-alone dynamic project,Asistente de maquillaje,1965-10-18,1982-4-21
Matthew Robinson,Open-source intangible capacity,Asistente de direccion,1932-5-25,1918-1-11
Susan White,Enhanced homogeneous emulation,Efectos especiales,1906-9-26,1982-7-1
Patricia Robinson,Extended zero-defect adapter,Doblaje,1907-2-5,2011-10-13
Lisa Thompson,Synergistic secondary parallelism,Disenador de produccion,1952-2-3,2006-6-14
Jessica Allen,Stand-alone 24/7 moratorium,Asistente de casting,1934-7-20,1967-11-18
Margaret Walker,Networked static extranet,Director,2000-2-21,1913-4-28
Jennifer Robinson,Profound bifurcated matrix,Productor,1995-1-13,1979-12-11
James Miller,Streamlined scalable service-desk,Disenador de produccion,2016-1-5,1996-8-10
Nancy Brown,Realigned 24hour attitude,Asistente de efectos visuales,1990-1-5,2003-10-13
Christopher Wilson,Team-oriented maximized website,Asistente de direccion,1927-10-28,1988-5-2
Robert Miller,Reverse-engineered holistic software,Asistente de maquillaje,1992-12-12,1981-11-12
Charles Miller,Multi-channeled leadingedge Internet solution,Asistente de maquillaje,1938-11-7,1969-4-3
William Clark,Re-contextualized impactful flexibility,Animador,1942-9-14,1916-1-12
William Martinez,Polarized web-enabled matrix,Asistente de camara,1937-2-28,1987-1-21
Joseph Thomas,Robust motivating array,Asistente de animacion,1975-9-24,1953-8-24
Patricia Thompson,Streamlined grid-enabled budgetary management,Asistente de arte,2000-4-9,1915-12-16
Elizabeth Wilson,Diverse zero tolerance synergy,Musica,1969-3-14,1960-5-19
Thomas Thompson,Devolved object-oriented info-mediaries,Asistente de doblaje,1912-2-10,1913-2-16
Jennifer Young,De-engineered well-modulated analyzer,Asistente de casting,1925-5-27,1918-2-23
William Williams,Switchable 24/7 structure,Asistente de doblaje,1958-4-2,1967-10-6
Robert Anderson,Implemented zero tolerance knowledgebase,Efectos visuales,1939-12-1,1976-12-13
Elizabeth Anderson,Diverse 24/7 standardization,Asistente de direccion,1980-9-1,1964-5-23
Thomas Miller,Balanced didactic alliance,Asistente de vestuario,1931-9-12,2019-1-15
Sandra Moore,Assimilated zero-defect analyzer,Asistente de sonido,1927-2-12,1969-3-24
Michael Thompson,Programmable exuding implementation,Guionista,2001-2-24,1997-12-1
Michael White,Integrated high-level Graphic Interface,Disenador de produccion,1910-3-4,2008-12-17
Ashley Clark,Automated background secured line,Asistente de efectos especiales,2019-2-6,1980-9-8
Ashley Hall,Exclusive uniform success,Asistente de casting,1963-12-23,1960-9-26
Michael Thompson,Synergized even-keeled paradigm,Disenador de vestuario,2019-3-9,1954-6-18
Jennifer Smith,Exclusive grid-enabled Internet solution,Maquillador,1997-4-8,1903-12-1
Anthony Taylor,Exclusive grid-enabled Internet solution,Efectos visuales,1930-11-23,1923-11-20
Christopher Robinson,Front-line dynamic time-frame,Efectos especiales,1955-6-25,1926-2-18
Mary Young,Robust directional open system,Asistente de camara,1959-7-16,1934-10-5
James Hall,Integrated logistical instruction set,Guionista,1940-2-25,1912-4-12
John Martinez,Pre-emptive eco-centric intranet,Efectos visuales,1941-11-3,1945-12-22
Charles Davis,Adaptive reciprocal contingency,Editor,1920-5-27,2015-3-22
Richard Lewis,Automated background secured line,Animador,2010-12-20,1902-7-23
Thomas Hernandez,Profound client-driven flexibility,Asistente de animacion,2002-3-17,1973-1-14
John Brown,Enhanced maximized help-desk,Maquillador,2009-4-23,1941-6-21
Christopher Smith,Cloned radical firmware,Efectos visuales,1935-11-9,1975-11-11
Robert Smith,Re-contextualized mission-critical success,Sonidista,1968-1-26,1930-3-6
Mark Young,Inverse tangible implementation,Editor,1931-4-21,1933-7-10
Joseph Anderson,Assimilated background initiative,Asistente de arte,2003-5-15,1915-5-22
Susan Jackson,Implemented 24/7 strategy,Asistente de casting,2004-11-14,1961-1-20
Ashley Lee,Virtual transitional contingency,Asistente de doblaje,1998-12-24,1907-11-13
James Lee,Devolved systemic solution,Maquillador,1936-3-22,1922-8-4
Joseph Miller,Multi-tiered client-driven success,Sonidista,1915-1-17,1913-8-25
Elizabeth Moore,Streamlined didactic superstructure,Asistente de musica,1906-12-11,1989-9-25
Margaret Jackson,De-engineered bottom-line workforce,Musica,1991-6-13,1997-9-14
Christopher Smith,Grass-roots mobile open system,Camarografo,1945-3-23,2011-11-4
Charles Robinson,Innovative national definition,Asistente de maquillaje,1934-4-27,1928-3-15
Karen Allen,Face-to-face 24/7 structure,Asistente de musica,2007-7-15,1957-12-1
Elizabeth Thompson,Optimized context-sensitive access,Asistente de vestuario,1985-2-19,1936-9-7
Lisa Harris,Business-focused executive parallelism,Asistente de doblaje,1956-12-14,1985-9-19
Jennifer Harris,Optional zero tolerance firmware,Casting,2003-3-14,1914-6-17
Christopher Clark,Realigned leadingedge hierarchy,Editor,1967-2-27,1900-4-2
James Miller,Reverse-engineered content-based matrices,Doblaje,1909-9-14,1985-7-27
Daniel Martinez,Public-key systemic methodology,Asistente de doblaje,2012-1-26,2004-3-5
Anthony Rodriguez,Synergistic logistical approach,Asistente de musica,1928-11-17,1950-11-22
Matthew Robinson,Balanced client-server encryption,Actor,1932-12-1,1945-11-4
Mark Johnson,Up-sized 5thgeneration capability,Asistente de efectos visuales,1928-11-21,1957-11-9
Linda Moore,Re-engineered actuating budgetary management,Asistente de maquillaje,2017-11-15,1922-11-14
William Smith,Cloned foreground approach,Editor,1974-12-26,2018-8-9
Anthony Lee,Down-sized demand-driven synergy,Asistente de arte,1986-5-18,1928-1-5
David Anderson,Multi-layered interactive moratorium,Casting,1906-12-3,1937-9-2
Jessica Johnson,Front-line dedicated infrastructure,Doblaje,1987-1-2,2020-7-5
Thomas Johnson,Innovative heuristic circuit,Asistente de maquillaje,1914-11-9,1961-10-3
Jennifer Johnson,Right-sized upward-trending solution,Asistente de produccion,2004-4-9,1984-2-1
Thomas Brown,Re-engineered uniform customer loyalty,Doblaje,1905-4-13,2004-8-14
Michael Rodriguez,Persistent systematic conglomeration,Casting,2020-9-26,1916-5-5
Karen Young,Public-key intangible capacity,Asistente de efectos visuales,1994-9-13,1908-10-15
Karen Johnson,Multi-lateral 3rdgeneration open architecture,Casting,1923-10-1,1957-11-27
Matthew Taylor,Open-source optimal utilization,Asistente de produccion,2007-9-18,1947-10-14
Jessica White,Horizontal explicit firmware,Efectos visuales,1961-11-5,1911-4-24
James Jackson,Seamless fresh-thinking portal,Asistente de vestuario,2007-9-5,1975-3-2
Lisa Harris,Implemented system-worthy frame,Disenador de produccion,1994-4-18,1950-4-15
Christopher Lee,Re-contextualized content-based standardization,Asistente de vestuario,1997-10-14,1957-8-12
Barbara Lewis,Exclusive bottom-line instruction set,Asistente de efectos especiales,1933-2-9,1978-1-5
Patricia Martin,Configurable methodical Graphical User Interface,Productor,1910-9-28,1937-9-12
Ashley Walker,Vision-oriented zero-defect intranet,Asistente de arte,1960-12-25,1935-8-1
Sandra Brown,Reduced zero-defect migration,Asistente de doblaje,2000-5-5,1985-3-12
Matthew Walker,Managed motivating firmware,Sonidista,1923-9-6,2008-5-6
Susan Jones,User-friendly 5thgeneration approach,Musica,2009-1-3,1956-5-28
Daniel Martinez,Profound impactful strategy,Editor,1932-1-8,1979-4-25
Elizabeth Clark,Reverse-engineered content-based matrices,Asistente de sonido,1900-6-21,1902-2-8
Robert Lee,De-engineered modular system engine,Asistente de musica,1937-3-28,1920-5-13
Susan Miller,Centralized optimal functionalities,Animador,1926-10-12,1995-11-27
Nancy Johnson,Decentralized well-modulated function,Director,2020-4-18,2010-10-8
Ashley Hernandez,Profound leadingedge capacity,Efectos especiales,1954-10-16,1931-8-27
Anthony Hall,Multi-channeled 24/7 projection,Asistente de maquillaje,1988-6-28,1983-9-4
Matthew Anderson,Cross-group asynchronous Internet solution,Asistente de sonido,1903-4-2,1965-4-19
Mary Moore,Reduced multi-state system engine,Efectos visuales,1979-4-8,1986-8-22
Thomas Miller,Secured fresh-thinking orchestration,Actor,1952-11-1,1929-10-1
David Miller,Operative human-resource adapter,Asistente de casting,1976-2-19,1931-4-20
William Moore,Sharable composite info-mediaries,Animador,1969-5-27,2017-11-23
James Hernandez,Function-based 24hour instruction set,Asistente de maquillaje,1995-8-27,1959-4-9
Sandra Martinez,Optional value-added extranet,Editor,1905-9-9,1979-4-12
Susan White,Cross-group exuding solution,Asistente de musica,1921-1-10,1901-12-13
Ashley Lee,De-engineered well-modulated analyzer,Guionista,1950-12-1,2018-10-19
Ashley Miller,Cloned neutral alliance,Asistente de vestuario,1973-5-5,1959-3-25
Matthew Anderson,Organized neutral ability,Asistente de efectos especiales,1996-2-27,1922-7-13
Mary Young,Public-key 4thgeneration knowledge user,Asistente de sonido,1998-6-5,1996-10-2
Linda White,Organized clear-thinking application,Doblaje,2016-10-18,1949-8-16
Charles Brown,Fully-configurable responsive matrix,Asistente de efectos visuales,1930-9-25,1948-9-10
Patricia Hall,Intuitive bottom-line definition,Director,1997-8-9,1923-12-26
Sandra Moore,Advanced attitude-oriented strategy,Actor,1908-12-8,1991-10-26
Daniel Allen,Devolved client-server attitude,Asistente de musica,1979-5-6,1916-10-6
Karen Johnson,Profound bifurcated flexibility,Asistente de efectos especiales,2005-3-7,2011-1-28
Ashley White,Proactive secondary throughput,Asistente de animacion,1927-11-11,1917-1-26
Joseph Thompson,Implemented demand-driven conglomeration,Asistente de sonido,1933-5-23,1922-7-15
Sandra Hernandez,Progressive scalable frame,Efectos visuales,1980-8-1,1955-6-6
Mary Martin,Multi-lateral foreground service-desk,Asistente de arte,1931-1-12,1934-7-18
Matthew White,Centralized web-enabled projection,Asistente de efectos visuales,1911-6-21,1981-9-15
Elizabeth Williams,Stand-alone dynamic project,Asistente de efectos especiales,1937-7-18,1999-5-25
Daniel Martinez,Down-sized exuding groupware,Camarografo,1987-11-10,1972-2-27
Robert Jones,Networked object-oriented orchestration,Disenador de produccion,1998-1-3,1975-1-12
Ashley White,Switchable next generation info-mediaries,Sonidista,1997-1-28,2006-3-15
David Brown,Fundamental hybrid strategy,Casting,1955-3-21,1970-10-15
Jennifer Clark,Seamless systemic database,Doblaje,1950-11-26,1951-3-17
Margaret Garcia,Networked composite capability,Asistente de produccion,1994-10-6,1913-9-14
Barbara Clark,Cross-platform mission-critical flexibility,Asistente de camara,1983-3-6,1965-7-25
Richard Hall,Quality-focused contextually-based structure,Director,1995-8-26,1915-1-2
James Clark,Function-based asynchronous budgetary management,Asistente de direccion,1985-11-18,1936-2-26
Thomas Brown,Secured impactful hierarchy,Guionista,1907-2-6,1934-3-18
Susan Garcia,Exclusive coherent complexity,Asistente de camara,1928-4-16,1902-12-6
Daniel Davis,Customer-focused coherent orchestration,Actor,1990-9-17,1947-9-11
Richard Taylor,Decentralized explicit time-frame,Asistente de efectos visuales,1957-5-18,2003-2-25
David Martin,Sharable client-server project,Asistente de animacion,1994-2-28,1958-10-19
Charles Jones,Programmable stable hardware,Asistente de maquillaje,1967-3-19,1910-10-22
Mark Davis,Balanced high-level solution,Efectos visuales,2008-6-15,1982-6-10
Barbara Thompson,Sharable dynamic Local Area Network,Animador,1924-10-18,1942-10-23
Christopher Garcia,De-engineered full-range framework,Asistente de camara,1979-3-11,1995-3-12
John Walker,Realigned bifurcated toolset,Maquillador,1924-1-1,2020-1-5
Richard Miller,Managed solution-oriented analyzer,Asistente de produccion,1903-8-7,1967-8-25
Thomas Jones,Enterprise-wide system-worthy help-desk,Asistente de produccion,1940-11-17,1995-7-9
Mark Johnson,Optional hybrid website,Asistente de doblaje,2014-2-3,1913-8-7
John Walker,Polarized responsive ability,Asistente de produccion,2020-1-11,2008-11-1
Matthew Young,Exclusive encompassing time-frame,Musica,1953-10-5,1926-12-2
Margaret Hernandez,Secured neutral open architecture,Editor,1981-3-23,1991-11-10
Matthew Jones,Customizable stable ability,Director,1960-10-5,1981-6-7
Michael Lewis,Customizable 5thgeneration process improvement,Animador,1900-5-14,1919-11-19
Patricia Taylor,Object-based regional flexibility,Maquillador,1990-9-10,1955-4-11
Ashley Wilson,Total tangible strategy,Asistente de efectos visuales,1928-9-9,1961-1-23
Michael Smith,Robust radical encryption,Director,2001-10-24,2019-8-25
Richard Thompson,Stand-alone methodical interface,Asistente de casting,1925-12-5,1997-7-10
Mark Johnson,Organized neutral ability,Disenador de vestuario,1971-4-15,1955-1-8
Joseph Taylor,Inverse 6thgeneration collaboration,Maquillador,1961-4-1,1930-7-18
John Smith,Triple-buffered static Local Area Network,Productor,1938-4-13,1903-9-17
Charles Hall,Ergonomic 24/7 support,Asistente de direccion,1922-1-14,2003-11-16
Thomas Johnson,Advanced leadingedge encryption,Asistente de efectos visuales,1924-8-25,1976-8-14
William Johnson,Organized systematic middleware,Casting,1901-6-18,1911-4-7
Jessica Lewis,Up-sized maximized secured line,Efectos visuales,2010-4-13,1904-5-7
Robert Taylor,Stand-alone optimizing analyzer,Asistente de maquillaje,1933-12-27,1975-4-2
Lisa Harris,Diverse 24hour open architecture,Asistente de casting,1982-4-6,1972-9-3
Matthew Anderson,Organized dynamic leverage,Asistente de doblaje,1909-8-16,1949-2-12
Jessica Williams,Seamless global process improvement,Editor,1908-7-15,1933-2-27
Susan Lewis,Public-key directional parallelism,Maquillador,1992-8-7,1982-3-23
Jessica Allen,Multi-tiered global customer loyalty,Asistente de camara,1992-5-14,1996-2-18
Ashley White,Re-contextualized impactful flexibility,Disenador de vestuario,1961-2-17,1973-8-12
Elizabeth Thomas,Cloned neutral alliance,Doblaje,1900-12-7,1937-6-26
Joseph Martin,Horizontal fresh-thinking interface,Casting,1975-5-19,2002-9-8
Susan Lewis,Decentralized global emulation,Asistente de casting,1920-9-9,1929-11-4
James Anderson,Balanced logistical contingency,Asistente de casting,1985-9-10,1998-7-12
Anthony Jones,Centralized didactic middleware,Musica,1956-10-8,1968-9-1
Mary Lee,Synchronized system-worthy throughput,Asistente de direccion,1999-8-21,1941-2-3
Linda Hall,Organized actuating functionalities,Asistente de camara,1991-4-16,1993-12-4
Sarah Martin,Streamlined system-worthy architecture,Asistente de direccion,1949-9-17,1968-10-14
Mark Johnson,Up-sized maximized secured line,Doblaje,1910-11-20,1971-9-22
Matthew Anderson,Robust radical encryption,Asistente de musica,1990-9-8,1975-5-17
Michael Hall,Cloned local functionalities,Asistente de arte,1948-3-19,2005-8-21
Anthony Robinson,Extended coherent neural-net,Guionista,1965-6-9,1971-11-2
Jessica Allen,Robust motivating migration,Efectos especiales,1949-7-20,1941-9-14
Barbara Thompson,Stand-alone value-added function,Musica,1912-11-23,1945-8-21
Margaret Lee,Total tangible parallelism,Sonidista,1905-3-5,1961-9-17
Mary Clark,Centralized tertiary forecast,Doblaje,1913-8-13,1980-10-10
Michael Rodriguez,Fundamental directional matrix,Actor,1918-7-20,1937-7-17
Christopher Jones,Sharable 5thgeneration collaboration,Animador,1996-6-25,1957-4-3
Linda Lewis,Polarized solution-oriented concept,Asistente de casting,1911-10-20,2009-5-27
Thomas Brown,Cloned radical process improvement,Camarografo,1915-7-28,1987-2-16
Elizabeth Martinez,Implemented 24/7 strategy,Actor,2008-4-12,1989-7-25
Jennifer Clark,Cross-group full-range framework,Asistente de arte,2004-4-6,1936-5-28
Richard Davis,Digitized intangible success,Asistente de efectos especiales,1995-10-18,1969-9-3
Linda Garcia,Versatile upward-trending forecast,Asistente de efectos especiales,2012-9-13,1960-3-19
Jennifer Smith,Mandatory neutral hardware,Disenador de produccion,1988-9-2,1904-5-11
Elizabeth Hernandez,Multi-tiered high-level architecture,Asistente de arte,1902-4-12,1993-2-4
Matthew Walker,Future-proofed systemic middleware,Asistente de efectos especiales,1950-8-10,1966-4-2
Susan Thompson,Open-source global task-force,Disenador de vestuario,1960-10-9,2016-4-1
Matthew Young,Sharable real-time firmware,Asistente de animacion,1946-4-1,2019-7-1
Charles Smith,Sharable asynchronous info-mediaries,Guionista,1991-2-2,2003-8-25
Patricia Hernandez,Balanced fresh-thinking adapter,Asistente de animacion,2004-9-1,1991-1-18
Barbara Allen,Secured fresh-thinking orchestration,Director,1927-1-14,1949-10-21
Michael Thompson,Realigned bifurcated toolset,Casting,1918-6-10,1951-6-24
Jennifer Garcia,Fully-configurable real-time matrix,Asistente de efectos visuales,1997-4-21,1979-10-23
Lisa Moore,Customizable secondary support,Guionista,1908-12-22,1933-7-20
Karen Robinson,Function-based encompassing capacity,Guionista,1905-8-17,1972-3-25
Margaret Moore,Fundamental clear-thinking Graphical User Interface,Actor,1970-5-14,2018-7-22
Matthew Walker,Sharable attitude-oriented attitude,Asistente de arte,1942-3-16,1952-12-24
David Walker,User-friendly coherent Local Area Network,Asistente de musica,1973-4-21,1954-5-15
Karen Davis,Re-contextualized intermediate paradigm,Asistente de efectos especiales,2000-11-18,1953-3-4
Susan Robinson,Distributed eco-centric data-warehouse,Editor,1998-2-12,1979-7-7
John Brown,Universal bifurcated groupware,Maquillador,1949-10-4,1904-7-21
Joseph Lewis,Function-based methodical matrices,Musica,1904-12-16,1924-8-23
Susan Rodriguez,Fundamental hybrid strategy,Disenador de produccion,1967-9-20,1999-10-4
Jennifer Thomas,Secured transitional architecture,Productor,1979-10-4,1951-10-21
Jennifer Smith,Intuitive 5thgeneration neural-net,Maquillador,2006-2-24,1956-7-22
David Lee,Mandatory systematic firmware,Asistente de produccion,1983-6-22,1924-8-6
Richard Martinez,Mandatory high-level policy,Asistente de camara,1953-2-8,1902-11-3
Susan Allen,Networked system-worthy software,Asistente de arte,1973-3-8,1904-5-23
Linda Wilson,Polarized stable software,Asistente de efectos especiales,1927-5-27,1950-11-22
Robert Smith,De-engineered disintermediate pricing structure,Asistente de efectos visuales,2001-10-14,1950-9-13
Nancy Allen,Distributed multi-state monitoring,Camarografo,2011-4-11,1949-5-25
Anthony White,Inverse stable product,Asistente de camara,1923-11-4,2011-7-16
Ashley Williams,Grass-roots impactful orchestration,Asistente de animacion,1928-10-3,1986-8-16
Margaret Wilson,Profound eco-centric portal,Asistente de direccion,1976-12-8,2016-1-28
Patricia Williams,Ergonomic heuristic artificial intelligence,Asistente de efectos especiales,2000-7-17,1953-6-7
Barbara Jackson,Operative optimal ability,Asistente de sonido,1925-10-13,1942-9-11
Daniel Miller,Organic full-range artificial intelligence,Asistente de vestuario,1992-5-7,1901-2-25
Robert Young,Re-engineered composite benchmark,Maquillador,1954-12-24,1991-8-24
Jennifer Young,Universal hybrid policy,Asistente de camara,1908-12-26,1968-7-25
Joseph Anderson,Digitized bottom-line firmware,Guionista,2017-4-13,1970-9-23
Linda Hernandez,Operative disintermediate Graphical User Interface,Musica,1925-12-24,1980-6-22
Mark Lee,Diverse next generation initiative,Editor,1917-3-17,1928-7-2
Robert Jones,De-engineered analyzing success,Asistente de efectos visuales,1944-11-10,2015-1-22
Christopher Young,Triple-buffered bi-directional extranet,Asistente de arte,1997-11-18,1930-2-28
Sandra Walker,Extended zero-defect adapter,Asistente de doblaje,1934-2-13,1980-5-8
Barbara Young,Balanced secondary forecast,Efectos especiales,1978-12-27,1926-2-21
Mary Rodriguez,Implemented zero tolerance knowledgebase,Disenador de produccion,1997-10-3,1969-2-2
James Wilson,Ergonomic 24/7 support,Guionista,1903-6-22,1969-8-16
David Rodriguez,Re-engineered analyzing open architecture,Efectos visuales,1913-1-28,1953-12-26
Matthew Clark,Operative non-volatile pricing structure,Doblaje,1924-10-15,2018-3-22
David Wilson,Reduced motivating secured line,Editor,1911-3-13,1923-11-16
Joseph Clark,Intuitive object-oriented model,Asistente de sonido,1920-3-17,1962-3-19
Elizabeth Taylor,Proactive asynchronous time-frame,Asistente de arte,1900-7-18,1937-1-27
Michael Anderson,Object-based regional flexibility,Asistente de vestuario,1945-6-20,1957-11-10
James Garcia,Multi-lateral directional throughput,Camarografo,1931-9-19,1917-11-11
Sandra Brown,Enterprise-wide system-worthy help-desk,Asistente de efectos visuales,1943-9-20,1966-5-17
Daniel Miller,Persistent solution-oriented capability,Efectos especiales,1982-12-22,1965-9-24
Margaret Hall,Implemented holistic array,Sonidista,1976-4-25,1971-2-20
Karen Taylor,Re-contextualized homogeneous solution,Disenador de vestuario,2003-9-23,2018-3-17
Jessica Lee,Secured fresh-thinking orchestration,Asistente de vestuario,1922-11-21,1947-12-13
David Miller,Managed zero tolerance artificial intelligence,Asistente de animacion,1922-9-23,2014-12-11
Karen Allen,Fully-configurable non-volatile circuit,Asistente de efectos visuales,1965-3-24,2001-7-19
Sarah Robinson,Seamless bandwidth-monitored intranet,Asistente de doblaje,1956-4-18,2014-12-2
Ashley Rodriguez,Networked composite capability,Productor,1987-2-15,1991-7-22
Karen Rodriguez,Multi-lateral directional throughput,Doblaje,1979-12-6,1988-10-21
Robert Wilson,Organized clear-thinking policy,Sonidista,1947-12-7,1958-11-19
Charles Taylor,Optional intermediate info-mediaries,Maquillador,1951-4-7,1999-4-16
Michael Young,Re-contextualized homogeneous solution,Asistente de efectos especiales,1925-2-18,2016-8-19
Anthony Moore,Balanced logistical contingency,Disenador de vestuario,1942-8-18,1981-9-7
Mary Allen,Cross-group full-range throughput,Asistente de casting,1964-3-3,1970-10-16
Patricia Davis,Digitized directional focus group,Guionista,1973-12-9,1951-5-3
Barbara Thompson,Monitored coherent matrix,Asistente de animacion,1996-5-1,1978-4-9
Barbara Jackson,Customizable 5thgeneration process improvement,Disenador de produccion,2020-2-21,1925-2-10
Susan Williams,Innovative asymmetric migration,Guionista,1950-9-24,1997-5-7
Robert Harris,Exclusive eco-centric projection,Camarografo,1927-7-25,1928-5-28
Barbara Davis,Reactive 5thgeneration throughput,Camarografo,1970-12-8,1984-9-24
David Clark,Balanced local support,Asistente de produccion,1912-4-6,1914-9-7
Susan White,Diverse multi-state analyzer,Asistente de arte,2004-10-10,1972-10-17
John Young,Re-contextualized asymmetric collaboration,Actor,1959-7-6,1926-1-15
Sarah Williams,Decentralized disintermediate orchestration,Asistente de animacion,1932-9-26,1913-2-16
John Clark,Exclusive static migration,Doblaje,1972-11-20,2005-2-21
Patricia Martin,Future-proofed local productivity,Asistente de efectos visuales,1923-8-28,1988-2-4
Patricia Hall,Secured heuristic challenge,Actor,1944-3-9,1969-4-24
Lisa Martin,Upgradable national concept,Musica,1915-8-20,1985-6-5
David Martin,Horizontal dedicated groupware,Director,1972-2-9,1949-11-20
John Clark,Multi-layered motivating array,Asistente de vestuario,1990-4-25,1922-5-23
Karen Harris,Decentralized explicit time-frame,Guionista,1939-5-11,1949-2-23
William Martinez,Profit-focused hybrid utilization,Asistente de direccion,1922-4-27,1964-12-7
Thomas Johnson,Balanced didactic alliance,Maquillador,1943-1-2,2020-8-24
Jessica Thomas,Profit-focused 3rdgeneration open architecture,Actor,1967-3-10,1901-1-26
Richard Harris,Exclusive optimizing customer loyalty,Asistente de efectos especiales,1968-1-21,1949-11-24
John Rodriguez,Team-oriented multimedia ability,Musica,1969-12-22,1953-2-25
Mary Garcia,Devolved interactive alliance,Asistente de arte,1915-6-13,1923-7-6
Richard Allen,Streamlined optimal structure,Asistente de sonido,2011-3-5,1972-9-25
John Jones,Versatile global utilization,Actor,1908-10-16,1992-6-24
Susan Davis,Customizable optimizing array,Asistente de direccion,1963-12-16,1988-9-18
Mary Brown,Customizable demand-driven Local Area Network,Asistente de maquillaje,1981-2-9,1991-8-11
Sandra Martin,User-centric multimedia concept,Maquillador,1912-8-19,1940-8-7
Mary Jackson,Grass-roots mobile open system,Doblaje,1977-2-15,1968-7-21
Joseph Brown,Operative optimal ability,Sonidista,1959-7-27,2017-4-23
Anthony Moore,Front-line national data-warehouse,Asistente de camara,1927-7-18,1923-8-7
Christopher Wilson,Expanded analyzing help-desk,Sonidista,1996-4-2,1982-2-9
Nancy Martinez,Operative human-resource adapter,Asistente de vestuario,2002-3-16,1966-12-7
Jessica Martinez,Profit-focused asymmetric instruction set,Asistente de direccion,1988-7-12,1974-4-12
Joseph Brown,Implemented demand-driven conglomeration,Director,1917-10-4,1961-8-12
Ashley Robinson,Diverse next generation initiative,Asistente de musica,1969-10-19,1935-11-15
Susan Lewis,Team-oriented directional moratorium,Disenador de produccion,1983-12-11,2011-2-8
Joseph Harris,Customer-focused human-resource migration,Guionista,1994-6-17,1983-5-22
Richard Garcia,Exclusive encompassing time-frame,Asistente de arte,1997-1-27,1930-9-16
Thomas Jackson,Multi-lateral bifurcated Local Area Network,Asistente de sonido,1921-2-27,1965-4-4
David Garcia,Customizable grid-enabled definition,Asistente de efectos visuales,1924-3-21,1972-4-19
David Thompson,Re-contextualized radical productivity,Guionista,1961-4-18,2009-7-20
Lisa Thompson,Implemented demand-driven conglomeration,Asistente de sonido,1980-1-20,2012-8-21
Ashley Jackson,Multi-layered system-worthy utilization,Camarografo,2009-3-27,1966-9-23
Richard Rodriguez,Configurable methodical Graphical User Interface,Asistente de efectos visuales,1933-10-19,1997-7-7
Michael Young,Reverse-engineered non-volatile support,Sonidista,1927-8-7,1981-11-12
Thomas Jackson,Organized disintermediate challenge,Asistente de produccion,1990-2-5,1905-12-6
Robert Clark,Decentralized high-level artificial intelligence,Doblaje,1918-12-20,1949-7-15
Richard Moore,Intuitive clear-thinking architecture,Disenador de produccion,1977-5-7,2012-7-4
Margaret Robinson,Team-oriented homogeneous firmware,Editor,2011-6-9,1966-12-27
Ashley Jones,Future-proofed client-server service-desk,Musica,1936-8-14,2018-7-10
James Williams,Right-sized full-range core,Disenador de vestuario,1956-5-4,1914-1-3
Jennifer Jackson,Customizable dynamic utilization,Asistente de musica,1924-9-9,2001-4-19
Richard Harris,Re-engineered context-sensitive superstructure,Guionista,1942-12-6,1971-11-4
Thomas Miller,Public-key bottom-line frame,Actor,1934-5-16,1924-2-12
Christopher Thomas,Balanced full-range synergy,Asistente de efectos visuales,1902-12-8,1979-2-2
Mark Davis,Configurable maximized algorithm,Efectos especiales,2010-1-16,1955-11-19
Jennifer Martinez,Stand-alone optimizing analyzer,Musica,1993-8-10,1902-6-26
Thomas Walker,Customizable secondary support,Disenador de vestuario,1915-7-20,2009-11-1
Richard Davis,Cloned fault-tolerant hub,Asistente de efectos especiales,1974-5-28,1941-9-9
Karen Clark,Realigned 24hour attitude,Asistente de sonido,1980-3-17,2015-10-27
Mark Anderson,Face-to-face regional capacity,Sonidista,1965-12-17,1930-6-20
Anthony Taylor,Switchable homogeneous initiative,Asistente de maquillaje,2016-10-5,1967-4-13
Barbara Robinson,Virtual client-server interface,Productor,1971-2-10,1929-1-8
Karen Jackson,Persevering well-modulated help-desk,Asistente de direccion,1958-7-14,1948-8-17
Sarah Johnson,Profit-focused incremental knowledgebase,Camarografo,1953-2-8,1990-5-4
Jessica Smith,Synergistic logistical approach,Musica,2014-12-15,2013-1-4
Anthony Walker,Open-architected clear-thinking intranet,Disenador de vestuario,1983-2-12,1913-12-5
Ashley Hernandez,Fully-configurable homogeneous forecast,Asistente de sonido,1948-5-1,1965-5-16
Daniel Jones,Self-enabling full-range encoding,Disenador de vestuario,1921-9-18,1915-3-15
Elizabeth Anderson,Front-line national data-warehouse,Asistente de efectos visuales,1924-4-13,1992-10-8
Daniel Rodriguez,Switchable bifurcated artificial intelligence,Asistente de direccion,1984-5-6,1955-4-23
Sarah Miller,Persevering well-modulated help-desk,Asistente de musica,1927-4-22,1989-3-6
Lisa Clark,Vision-oriented bifurcated encryption,Asistente de musica,1957-1-28,1923-12-22
William Smith,Devolved interactive alliance,Asistente de vestuario,1938-2-27,1960-1-4
Richard Thomas,Public-key intangible capacity,Asistente de doblaje,1993-12-3,1986-12-5
Mark Miller,Open-architected motivating Graphical User Interface,Asistente de produccion,2000-10-21,1941-5-8
Margaret Jackson,Public-key optimal process improvement,Asistente de musica,1929-1-1,1916-7-28
Sarah Clark,Visionary next generation solution,Musica,1902-6-14,1914-10-5
Christopher Anderson,Proactive secondary throughput,Musica,1958-4-26,2006-11-13
Michael Wilson,Synchronized bi-directional adapter,Asistente de arte,1910-10-20,1964-8-3
David Smith,Fully-configurable mission-critical Graphic Interface,Editor,1978-4-12,1937-9-9
Karen White,Advanced radical implementation,Guionista,1942-10-8,1945-9-20
David Martin,Intuitive upward-trending flexibility,Asistente de animacion,1958-2-17,1930-11-19
William Taylor,Diverse multi-tasking moderator,Disenador de vestuario,2016-8-5,1920-4-25
Mark Davis,Ameliorated mission-critical Internet solution,Camarografo,1949-8-6,1906-7-16
Robert Miller,Streamlined multi-tasking framework,Animador,1925-8-10,1955-5-23
Thomas Rodriguez,Virtual interactive process improvement,Musica,1946-6-12,1903-7-8
Nancy Miller,Re-contextualized bandwidth-monitored workforce,Asistente de animacion,2013-3-7,1997-9-9
William Rodriguez,Diverse 24/7 standardization,Sonidista,1919-8-19,1978-10-14
Lisa Thomas,Adaptive foreground conglomeration,Animador,1966-4-13,2009-6-21
Daniel Davis,Function-based eco-centric paradigm,Asistente de arte,1947-10-17,2019-6-1
Patricia Anderson,Extended zero-defect adapter,Asistente de doblaje,1929-7-24,2011-9-13
Lisa Thompson,Reduced motivating secured line,Productor,1983-4-19,1957-2-12
John Hall,Fundamental demand-driven leverage,Guionista,1972-9-26,1949-8-8
Linda White,Synergized interactive core,Efectos visuales,1903-10-28,1904-3-14
Sandra Taylor,Open-source zero-defect framework,Actor,1985-10-28,1950-1-23
Mary Martin,Polarized secondary algorithm,Asistente de maquillaje,1903-5-22,1971-5-14
Thomas Smith,Operative non-volatile pricing structure,Asistente de musica,1921-12-13,1981-5-14
Ashley Hall,Devolved encompassing productivity,Disenador de produccion,2007-4-16,1904-5-18
Anthony Miller,Compatible systemic throughput,Sonidista,1960-4-12,1921-5-19
Michael Clark,Open-source intangible capacity,Asistente de produccion,1963-6-10,1932-6-28
Mark Davis,Team-oriented multimedia ability,Efectos visuales,1953-6-28,1954-11-11
Richard Lee,Vision-oriented impactful algorithm,Asistente de vestuario,1948-2-8,1918-3-22
Mark Hall,Assimilated even-keeled encoding,Asistente de animacion,2005-11-2,2006-10-6
James Moore,Vision-oriented zero-defect intranet,Efectos visuales,1975-11-1,1912-5-5
Mark Taylor,Pre-emptive eco-centric intranet,Disenador de vestuario,1929-1-28,2005-5-7
Lisa Walker,Multi-layered global moratorium,Efectos visuales,1943-1-26,1949-2-9
Patricia Williams,Optional 5thgeneration strategy,Asistente de sonido,1962-8-20,1988-9-7
Mark Harris,Function-based full-range emulation,Asistente de produccion,1972-12-11,1914-1-22
Ashley White,Reduced zero-defect migration,Asistente de sonido,2004-3-10,1956-8-14
Mary Taylor,User-friendly national middleware,Asistente de vestuario,1911-8-18,1924-4-11
Sarah Lewis,Team-oriented optimal analyzer,Casting,1973-4-17,1992-11-22
Anthony Harris,Visionary impactful frame,Asistente de efectos especiales,1933-3-11,1913-11-7
Ashley Hall,Future-proofed 5thgeneration task-force,Asistente de efectos visuales,1969-12-4,2000-9-6
Anthony Anderson,Fundamental multi-state data-warehouse,Guionista,1920-5-5,2012-8-1
Jessica Walker,Customer-focused human-resource migration,Musica,1979-10-18,1979-8-1
William Hernandez,Persevering fresh-thinking utilization,Asistente de efectos visuales,1996-3-15,2006-3-19
Jessica Rodriguez,Visionary intermediate approach,Disenador de vestuario,1920-12-24,1959-12-1
Nancy Martinez,Synergized clear-thinking Graphical User Interface,Asistente de efectos visuales,1941-1-1,2013-3-5
Jessica Walker,Profit-focused user-facing encryption,Efectos especiales,1918-6-4,1942-2-19
Ashley Lee,Public-key 4thgeneration knowledge user,Musica,1926-5-24,1936-1-25
Barbara Thompson,Multi-layered global moratorium,Doblaje,1924-5-11,1947-8-5
Joseph Miller,Face-to-face even-keeled collaboration,Camarografo,1951-6-20,1943-10-4
Sarah Walker,Virtual optimizing capability,Doblaje,1916-4-17,2010-6-8
Robert Lee,Open-source intangible capacity,Asistente de animacion,1988-5-24,1939-10-9
Linda White,Polarized mission-critical infrastructure,Director,1916-12-3,1916-1-27
Sarah Young,Profit-focused context-sensitive flexibility,Director,1911-8-25,1985-11-11
Robert Jackson,Networked hybrid projection,Asistente de vestuario,1903-11-27,1996-11-4
James Lee,Open-source intangible capacity,Maquillador,1900-7-3,1985-5-11
Matthew Thomas,Cross-group high-level standardization,Animador,1932-7-9,1965-6-12
Jennifer Brown,Function-based transitional open architecture,Musica,1904-7-24,1962-3-19
Thomas Anderson,Ameliorated 6thgeneration array,Musica,1974-10-17,1966-5-2
Richard Hall,Right-sized regional emulation,Casting,1991-2-12,2009-4-14
Thomas Davis,Switchable real-time application,Disenador de produccion,1934-7-21,1911-7-15
Ashley Jones,Diverse zero tolerance synergy,Asistente de produccion,2018-12-7,1996-5-2
Sarah Young,Networked mobile migration,Asistente de musica,1999-12-5,2006-11-18
Richard Lewis,Stand-alone methodical interface,Animador,1907-2-21,1925-9-5
Elizabeth Miller,Realigned bifurcated toolset,Asistente de sonido,1907-5-19,1946-11-10
Linda Robinson,Phased tangible intranet,Musica,1980-5-8,1927-8-2
Nancy Thompson,Optimized attitude-oriented parallelism,Asistente de musica,1920-8-8,1914-3-14
Christopher Allen,Front-line local Internet solution,Maquillador,1962-5-1,2004-9-14
John Rodriguez,Innovative mobile framework,Asistente de animacion,1985-2-26,1950-4-21
Mary Wilson,Grass-roots intermediate project,Asistente de produccion,1958-10-28,1961-8-20
John Allen,Versatile cohesive portal,Asistente de efectos especiales,1928-9-18,2002-4-18
Jessica Hall,Future-proofed zero administration project,Asistente de maquillaje,1906-9-20,1998-10-10
James Allen,Cloned cohesive collaboration,Asistente de casting,1907-10-21,1996-10-8
Mark Jackson,Progressive actuating intranet,Sonidista,1968-12-5,1961-6-25
Sandra Hall,Advanced analyzing task-force,Asistente de camara,1942-7-12,1904-9-4
Daniel Walker,Multi-channeled solution-oriented service-desk,Sonidista,1987-5-21,1953-3-26
Jennifer White,Expanded mobile function,Animador,2012-10-17,1945-6-21
David Smith,Synergistic logistical approach,Casting,1927-12-28,1964-12-27
Jennifer Moore,Cloned explicit adapter,Productor,2008-4-14,1938-2-13
Joseph Jones,Re-engineered didactic Graphical User Interface,Asistente de camara,1958-4-12,1908-1-11
Matthew Jones,Triple-buffered actuating initiative,Doblaje,1978-5-16,1958-12-3
Sarah Garcia,Fully-configurable 24hour capacity,Asistente de casting,1921-10-13,2013-2-27
Lisa Hall,Customizable 5thgeneration process improvement,Asistente de sonido,2004-6-3,1928-4-18
Susan Rodriguez,Team-oriented multimedia ability,Efectos visuales,1931-9-1,1983-9-13
Jessica Harris,Down-sized exuding groupware,Disenador de vestuario,1918-4-22,2007-8-22
Thomas Martin,Multi-lateral scalable structure,Asistente de direccion,1916-11-14,1970-10-1
Patricia Harris,Pre-emptive multi-state benchmark,Disenador de produccion,1949-4-23,1962-7-24
Barbara Williams,Cloned clear-thinking throughput,Doblaje,2006-2-12,1956-8-19
Jennifer Hernandez,Customizable dynamic utilization,Maquillador,1989-7-10,1926-8-20
David Smith,Future-proofed 5thgeneration task-force,Productor,1913-5-14,1921-1-13
Barbara Rodriguez,Stand-alone 24/7 moratorium,Director,1901-2-23,2017-10-27
Matthew Williams,Operative context-sensitive concept,Asistente de direccion,1980-7-14,1936-2-15
Christopher Allen,Organized neutral ability,Musica,1986-2-24,1925-11-27
Jennifer Garcia,Focused client-driven orchestration,Disenador de vestuario,1985-9-12,1915-1-23
Mary Lewis,Mandatory systematic firmware,Asistente de casting,1960-5-18,1975-4-28
Michael Lewis,Reactive 4thgeneration approach,Asistente de direccion,2011-9-16,1918-3-2
Lisa Johnson,Synergized interactive core,Asistente de camara,1915-7-11,1970-8-7
Mark Thomas,Synchronized radical paradigm,Asistente de efectos visuales,1964-7-24,1999-10-21
Matthew Jones,Seamless tertiary pricing structure,Maquillador,2019-1-5,1991-5-20
James Wilson,Balanced systemic methodology,Disenador de vestuario,1994-1-3,2002-2-18
Robert Jackson,Decentralized analyzing success,Asistente de casting,1910-3-2,1909-11-10
Lisa Rodriguez,Virtual non-volatile workforce,Guionista,2020-3-8,1944-1-11
Christopher Thomas,Grass-roots intermediate project,Asistente de vestuario,1913-11-7,1902-12-21
John Hernandez,Focused client-driven orchestration,Asistente de sonido,1909-8-9,1981-11-24
Jessica Davis,Robust clear-thinking paradigm,Asistente de doblaje,1907-11-19,1917-11-19
David Smith,Versatile actuating Graphic Interface,Animador,1907-1-8,1942-4-14
Matthew Lewis,Switchable next generation info-mediaries,Doblaje,1962-9-2,1951-4-20
Robert Anderson,Self-enabling full-range encoding,Asistente de animacion,1972-12-10,1944-12-21
Matthew Anderson,Multi-lateral disintermediate budgetary management,Asistente de musica,1939-1-27,1990-6-14
David Thompson,Implemented empowering orchestration,Asistente de casting,1926-4-27,1919-3-26
Nancy Thompson,Customer-focused asynchronous middleware,Efectos especiales,2009-7-28,1927-4-24
John Smith,Networked local support,Sonidista,1939-4-15,1947-9-8
Linda Walker,Re-engineered even-keeled middleware,Asistente de arte,1958-6-20,1961-5-1
Jennifer Garcia,Future-proofed local productivity,Musica,1997-7-18,1929-3-24
Anthony White,Persistent responsive leverage,Asistente de efectos especiales,1954-3-22,1953-12-1
Matthew Walker,Optional systemic standardization,Asistente de musica,1947-2-2,1938-8-6
Sarah Moore,Versatile 3rdgeneration flexibility,Musica,1954-12-8,1941-4-2
Patricia Martin,Face-to-face foreground task-force,Guionista,2008-3-22,1981-10-20
Susan Jackson,Enhanced 3rdgeneration attitude,Casting,1904-10-13,1932-10-13
Patricia Lewis,Customizable 5thgeneration process improvement,Asistente de maquillaje,2016-1-19,2019-10-28
Margaret Moore,Open-architected clear-thinking intranet,Actor,1988-7-10,1940-7-24
Susan Davis,Managed motivating firmware,Asistente de arte,1915-10-3,1992-9-12
Sarah Jackson,Inverse clear-thinking groupware,Guionista,1950-6-6,2000-10-27
Susan Davis,Total tangible parallelism,Camarografo,1954-5-15,2006-5-25
Jessica White,Right-sized attitude-oriented circuit,Asistente de efectos visuales,1901-12-24,1971-9-6
Joseph Jones,Exclusive grid-enabled capacity,Asistente de direccion,1902-4-24,1976-10-17
Sarah Robinson,Fundamental bifurcated array,Disenador de produccion,1982-12-23,1985-4-10
David Lee,Mandatory systematic firmware,Productor,2011-12-24,1926-2-15
Margaret Davis,Front-line bifurcated hub,Asistente de doblaje,1984-12-10,1924-1-1
Richard Garcia,Open-architected mission-critical system engine,Asistente de camara,2017-6-5,1922-8-21
Michael Taylor,Switchable next generation info-mediaries,Asistente de animacion,1920-1-13,2010-8-1
John Brown,Decentralized well-modulated function,Camarografo,1903-7-20,1951-9-11
Mary Smith,Phased fresh-thinking matrix,Asistente de sonido,1957-7-24,2014-2-12
Jessica Hall,Quality-focused contextually-based structure,Asistente de musica,1968-2-6,1959-12-10
Robert Robinson,Re-engineered mobile secured line,Efectos especiales,1922-3-23,1949-12-27
Michael Thompson,Grass-roots fault-tolerant frame,Musica,1928-5-8,1929-2-25
Michael Rodriguez,Synergized cohesive hub,Disenador de produccion,1933-12-21,2009-8-28
Michael Thomas,Re-engineered mobile secured line,Efectos especiales,1932-9-6,1948-6-21
Mary Lee,Enhanced dynamic portal,Asistente de animacion,1998-7-9,1928-7-10
Mark Thompson,Customizable multi-tasking ability,Asistente de sonido,1943-7-10,1950-10-10
Joseph Hall,Sharable client-server project,Editor,1962-11-13,1994-10-6
Jessica Walker,Quality-focused reciprocal middleware,Asistente de efectos especiales,2005-5-3,1988-5-28
Anthony Thompson,Reverse-engineered holistic software,Asistente de arte,1976-3-2,1918-11-15
Charles Thompson,Seamless user-facing Local Area Network,Asistente de casting,1908-9-26,1985-11-25
Patricia Thomas,Innovative mobile framework,Camarografo,1934-11-20,1929-12-20
Richard Moore,Synergistic static Graphic Interface,Guionista,1920-5-14,1910-10-13
Charles Thompson,Virtual client-server interface,Doblaje,2008-6-4,1924-1-24
Jessica Moore,Multi-tiered high-level architecture,Asistente de efectos especiales,1982-10-24,2017-11-24
Matthew White,Programmable encompassing support,Asistente de animacion,1987-11-13,1949-11-12
Anthony Wilson,Pre-emptive grid-enabled migration,Guionista,1980-5-20,1907-11-15
Sarah Thomas,Horizontal uniform support,Actor,1961-1-19,1950-4-9
Jessica Hall,Networked directional product,Actor,1931-4-21,2013-3-11
Joseph Allen,Exclusive grid-enabled capacity,Disenador de produccion,2007-10-12,1922-5-10
Patricia Robinson,Managed heuristic strategy,Asistente de direccion,1963-3-4,1982-10-1
Jennifer Brown,Mandatory zero tolerance encoding,Efectos especiales,1987-8-16,1977-5-6
Richard Thomas,Synergistic clear-thinking initiative,Asistente de direccion,1956-4-7,1984-8-24
Ashley Smith,Upgradable encompassing middleware,Efectos especiales,1912-3-26,1967-3-25
Matthew Anderson,Upgradable tertiary application,Disenador de produccion,1907-2-22,1938-9-17
Patricia Martin,Profound well-modulated secured line,Director,1918-4-13,1921-10-8
Karen Taylor,Advanced 3rdgeneration migration,Asistente de doblaje,1905-1-11,1960-7-16
Barbara Williams,Multi-channeled 5thgeneration orchestration,Asistente de doblaje,1973-6-18,1967-8-20
Anthony White,Expanded analyzing help-desk,Asistente de animacion,1928-6-1,1947-10-27
Anthony Anderson,Up-sized stable flexibility,Director,1986-7-2,2019-11-19
Margaret Moore,Fully-configurable global concept,Camarografo,1946-5-20,1908-7-21
David Moore,Persevering exuding hardware,Disenador de vestuario,1922-12-6,2011-10-20
Mary Martin,Re-contextualized non-volatile analyzer,Director,1966-8-16,1948-11-1
Susan Harris,Managed motivating firmware,Disenador de produccion,1955-11-12,1948-11-4
Anthony Brown,Optional 5thgeneration strategy,Asistente de sonido,1952-4-14,1971-2-22
Mark Smith,Reactive background synergy,Doblaje,1930-11-11,1986-12-16
Daniel Smith,Organic heuristic projection,Efectos visuales,1901-10-9,1953-11-11
Jessica Allen,Balanced high-level solution,Asistente de direccion,1968-4-20,1974-2-9
Linda Allen,Synergistic static Graphic Interface,Doblaje,1992-3-3,2003-5-5
Patricia Young,Implemented 24/7 strategy,Efectos visuales,1976-2-5,1939-12-24
James Lee,Reverse-engineered 5thgeneration groupware,Editor,1954-4-12,1908-11-11
Karen Thomas,Profit-focused hybrid utilization,Maquillador,2015-1-11,1923-8-3
John Anderson,Reduced zero-defect migration,Asistente de casting,1913-1-15,1993-10-21
Robert Jackson,Multi-layered global moratorium,Maquillador,1926-5-6,1971-2-11
Anthony Hall,Streamlined grid-enabled budgetary management,Camarografo,1959-9-21,1935-1-28
Mary Moore,Public-key directional parallelism,Sonidista,1946-6-17,1929-9-9
David Allen,Reactive 5thgeneration throughput,Asistente de camara,1958-10-19,1971-4-9
Margaret Davis,Triple-buffered encompassing approach,Camarografo,1989-6-1,1910-9-6
Sarah Jackson,Sharable composite info-mediaries,Disenador de produccion,1999-3-11,1917-5-15
Patricia Taylor,Reduced zero-defect migration,Director,1925-4-4,1944-4-20
Karen Anderson,Phased context-sensitive moratorium,Asistente de musica,1909-5-11,1917-12-22
John Taylor,Organized dynamic leverage,Efectos visuales,1916-11-12,1942-5-6
Mark Johnson,De-engineered content-based implementation,Asistente de efectos especiales,1993-5-26,2013-7-5
Elizabeth Martin,Inverse stable array,Director,1926-11-4,1978-9-2
Ashley Young,Re-engineered 5thgeneration matrix,Efectos visuales,2001-9-6,1994-6-1
Karen White,Multi-channeled 24/7 projection,Musica,1987-3-22,1904-8-21
Patricia Robinson,Reverse-engineered bifurcated utilization,Asistente de maquillaje,1979-5-18,2019-10-23
Susan Walker,Automated background secured line,Efectos especiales,1906-1-19,1958-3-21
Matthew Johnson,Programmable multimedia benchmark,Asistente de maquillaje,1947-9-4,1994-7-10
Barbara Jackson,Reactive 5thgeneration throughput,Asistente de produccion,1934-8-2,2000-1-2
Lisa Lee,Robust motivating migration,Asistente de produccion,1967-10-26,1911-6-3
Daniel Smith,Seamless bandwidth-monitored intranet,Animador,2000-1-17,1977-6-23
Jessica Moore,Reduced value-added workforce,Actor,2005-12-22,1950-12-25
Michael Williams,Customer-focused next generation model,Musica,1998-2-10,1952-9-17
Barbara Moore,Operative system-worthy hub,Doblaje,1919-5-6,1926-3-10
Margaret Harris,Focused didactic paradigm,Camarografo,1962-9-18,1931-1-6
James Lee,Robust context-sensitive Graphical User Interface,Asistente de efectos especiales,2007-5-5,1945-10-9
Karen Anderson,Front-line analyzing hierarchy,Asistente de doblaje,1931-12-12,1916-8-25
Jessica Smith,Future-proofed 5thgeneration task-force,Maquillador,1983-4-5,1944-8-14
Daniel Jackson,Monitored background toolset,Asistente de camara,1908-8-25,1979-9-19
Christopher Allen,User-friendly uniform application,Efectos visuales,1918-6-18,1971-11-5
James White,Centralized transitional policy,Animador,2008-5-21,2001-9-15
William Davis,Triple-buffered dedicated archive,Editor,1980-7-8,2020-2-9
Patricia Anderson,Vision-oriented national algorithm,Director,1957-6-20,1911-10-12
John Jackson,Fundamental human-resource leverage,Productor,1940-7-28,1969-1-22
Anthony Martinez,Implemented zero tolerance knowledgebase,Asistente de casting,1961-2-28,1943-7-6
Christopher Williams,Up-sized high-level encoding,Asistente de maquillaje,1959-11-21,1918-6-21
John Thomas,Fundamental asynchronous success,Asistente de efectos visuales,1929-1-4,1906-9-18
Richard Garcia,Inverse empowering moderator,Sonidista,1947-5-24,1923-4-19
Michael Martin,Profound bifurcated matrix,Asistente de maquillaje,1983-2-8,1983-7-11
Mark Jackson,Front-line analyzing hierarchy,Productor,1914-8-26,1915-10-26
William Clark,Focused client-driven orchestration,Musica,1963-8-16,1927-10-21
Susan Williams,Re-contextualized background database,Asistente de animacion,1975-4-4,1973-4-18
William Robinson,Multi-channeled optimizing projection,Casting,1922-7-17,1924-9-13
Ashley Young,Devolved real-time initiative,Asistente de musica,1962-3-20,1904-12-3
Susan Allen,Implemented transitional leverage,Asistente de sonido,1940-10-19,1995-5-15
Sarah Clark,Synergistic clear-thinking initiative,Musica,1962-6-6,1952-11-6
Sandra White,Streamlined system-worthy architecture,Asistente de sonido,1970-3-4,1946-10-21
Margaret Young,Enterprise-wide foreground circuit,Asistente de efectos visuales,1913-2-13,1976-7-22
Sarah Young,Digitized full-range portal,Guionista,1903-5-7,1912-6-27
Christopher Jones,Multi-tiered neutral database,Asistente de casting,1948-2-7,1929-1-10
Lisa Harris,Expanded analyzing help-desk,Maquillador,1995-5-4,1998-10-14
Joseph Allen,Extended solution-oriented analyzer,Asistente de direccion,2014-7-2,1990-3-24
Anthony Martinez,Function-based encompassing capacity,Asistente de efectos especiales,1942-1-12,1919-4-2
Barbara Martinez,Face-to-face multi-tasking functionalities,Asistente de casting,1946-1-19,1969-3-4
John Johnson,Triple-buffered stable structure,Efectos especiales,1938-1-27,1922-7-12
Linda White,Vision-oriented composite circuit,Asistente de maquillaje,2014-5-12,1926-7-8
Matthew Hall,Intuitive encompassing challenge,Maquillador,1926-12-23,1978-6-18
Sandra Moore,Compatible holistic service-desk,Asistente de efectos visuales,1911-8-4,1976-1-20
Thomas White,Implemented empowering orchestration,Asistente de efectos visuales,1982-4-5,1959-10-5
Margaret Johnson,Cloned zero administration conglomeration,Doblaje,1946-5-2,1904-6-12
Ashley White,Seamless fresh-thinking portal,Asistente de efectos visuales,1912-4-13,1982-9-14
Mark Johnson,Cross-group directional definition,Efectos especiales,1978-2-15,1985-12-24
William Clark,Profit-focused system-worthy solution,Editor,1967-12-8,1958-12-17
William Lewis,Customizable regional contingency,Asistente de musica,1932-10-15,1953-7-7
John Smith,Face-to-face well-modulated flexibility,Asistente de camara,1946-1-20,1963-3-1
William Martinez,Organized high-level Graphic Interface,Asistente de camara,1964-8-22,1938-11-25
Daniel Taylor,De-engineered bottom-line workforce,Asistente de direccion,1907-11-6,2019-2-24
Thomas Wilson,Right-sized attitude-oriented circuit,Actor,2016-10-21,1927-3-1
Elizabeth Anderson,Focused clear-thinking monitoring,Disenador de vestuario,1905-5-4,1917-5-26
Michael Garcia,Configurable maximized algorithm,Asistente de efectos visuales,1949-10-23,1945-3-2
Susan Robinson,Phased 5thgeneration database,Asistente de doblaje,1959-9-24,1988-1-14
Susan Hall,Fully-configurable stable infrastructure,Asistente de camara,1944-3-28,1985-4-14
Thomas Young,Grass-roots well-modulated forecast,Asistente de maquillaje,2002-7-20,1972-5-21
Lisa Smith,Sharable systemic policy,Asistente de direccion,1996-7-28,1928-1-12
Daniel Martinez,Total tangible parallelism,Asistente de efectos visuales,1962-6-4,2007-1-15
Patricia Hernandez,Managed motivating firmware,Asistente de direccion,1960-8-8,1965-11-12
Richard Thompson,Sharable contextually-based installation,Director,1970-3-22,1998-10-20
Robert Young,Reduced zero-defect migration,Asistente de musica,1921-6-3,1988-4-7
Patricia Williams,Multi-lateral 6thgeneration contingency,Doblaje,2002-7-19,1982-7-4
Lisa Davis,Distributed eco-centric data-warehouse,Asistente de casting,1979-4-2,1965-3-15
Jennifer Young,User-centric regional project,Asistente de casting,1933-2-24,1954-2-12
William Garcia,Self-enabling cohesive artificial intelligence,Doblaje,1946-9-7,1908-1-5
Joseph Miller,Cloned zero administration conglomeration,Asistente de efectos especiales,1934-12-7,2009-1-25
Joseph Hernandez,Devolved well-modulated approach,Efectos visuales,1924-3-19,1980-10-4
Patricia Harris,Fundamental demand-driven leverage,Editor,1987-3-22,1955-3-17
Patricia Anderson,Virtual asymmetric policy,Asistente de camara,2002-7-5,1949-10-27
William Rodriguez,Organized directional archive,Actor,1965-1-10,1925-3-2
Anthony Walker,Visionary motivating website,Maquillador,1983-12-1,1942-4-5
Sarah Martin,Customizable multi-tasking ability,Asistente de direccion,2018-5-19,1903-2-17
Christopher Hernandez,Integrated high-level Graphic Interface,Musica,1991-12-15,1928-11-3
Margaret Anderson,Cloned cohesive collaboration,Disenador de produccion,1908-3-12,1938-9-23
Elizabeth Miller,Virtual clear-thinking approach,Asistente de casting,2018-2-24,1903-8-10
William Anderson,Organized directional archive,Disenador de produccion,1914-5-16,1936-3-21
Sarah Thompson,Sharable real-time firmware,Asistente de animacion,1965-6-16,1963-12-27
David Rodriguez,Inverse 6thgeneration collaboration,Efectos visuales,2017-9-23,1952-10-21
Anthony Harris,Multi-layered well-modulated firmware,Editor,2014-9-4,1956-9-2
James Williams,Centralized bandwidth-monitored emulation,Camarografo,1954-5-10,1964-12-8
Thomas Lewis,Up-sized stable flexibility,Musica,1902-7-13,1988-12-2
Matthew Allen,Persistent user-facing hardware,Sonidista,1960-6-12,1936-9-22
John Garcia,Cloned executive moratorium,Efectos visuales,2003-9-7,1945-4-10
Margaret Johnson,Re-engineered context-sensitive superstructure,Asistente de efectos visuales,1973-6-6,1920-5-24
Jennifer Robinson,Operative bifurcated throughput,Efectos visuales,1924-7-3,1958-11-27
Matthew Martin,Distributed explicit implementation,Editor,1920-10-22,1937-8-14
Linda Hall,Team-oriented maximized website,Asistente de efectos especiales,1970-11-10,1967-8-18
William Rodriguez,Diverse multi-state analyzer,Sonidista,2001-8-9,1985-7-18
Karen Hernandez,Enterprise-wide bi-directional definition,Casting,1998-3-15,1971-7-18
Matthew Lewis,Switchable homogeneous encoding,Asistente de musica,1937-3-2,1972-11-18
Robert Brown,Multi-lateral bifurcated Local Area Network,Disenador de vestuario,1984-2-26,1906-7-19
James Hall,Devolved well-modulated approach,Asistente de efectos visuales,1907-11-25,1941-8-18
Matthew Davis,Public-key 4thgeneration knowledge user,Asistente de musica,1909-2-18,1975-5-13
Robert Martinez,Triple-buffered static Local Area Network,Asistente de efectos visuales,1933-6-5,2000-8-13
Christopher Allen,Automated bandwidth-monitored alliance,Efectos visuales,1982-1-23,1904-11-27
Robert Brown,Cross-platform high-level matrix,Asistente de camara,1900-5-16,1919-5-23
Sarah Martin,Progressive zero-defect pricing structure,Asistente de doblaje,1970-1-15,1931-2-28
Jessica Young,Balanced secondary forecast,Sonidista,1928-5-23,1938-7-27
Robert Harris,De-engineered systemic standardization,Asistente de casting,1913-6-13,1932-5-16
Mary Wilson,Visionary solution-oriented emulation,Actor,1976-7-4,1993-11-17
James Hernandez,Up-sized optimizing approach,Disenador de vestuario,1925-9-22,1956-6-17
Mary Walker,Balanced 5thgeneration pricing structure,Asistente de arte,1923-5-17,1985-8-6
Anthony Harris,Operative bifurcated throughput,Animador,1904-5-5,1957-5-9
Barbara Lewis,Cloned neutral alliance,Asistente de animacion,1930-8-3,1927-10-5
Ashley White,Diverse composite definition,Sonidista,2010-6-27,1932-6-21
William Moore,Adaptive solution-oriented throughput,Casting,1993-7-20,1957-11-11
Sandra Brown,Profound attitude-oriented frame,Disenador de produccion,1944-9-4,1963-8-13
Michael Allen,Multi-layered 24/7 Graphic Interface,Animador,2016-9-15,1908-8-25
Lisa Harris,Re-contextualized radical productivity,Animador,1930-2-20,1995-11-14
Robert Anderson,Right-sized tangible customer loyalty,Disenador de vestuario,1912-8-28,1964-6-2
David Williams,Customer-focused asynchronous middleware,Guionista,1964-3-14,2012-1-19
John Jones,Mandatory zero administration implementation,Asistente de animacion,1994-8-14,2007-12-7
Christopher Jones,Polarized solution-oriented concept,Maquillador,2018-8-17,1973-7-17
Joseph Miller,Fully-configurable discrete array,Asistente de vestuario,1955-6-8,1959-1-11
Mary Harris,Triple-buffered bi-directional extranet,Actor,1919-10-11,1925-6-6
Michael Wilson,Mandatory zero administration implementation,Doblaje,1922-4-13,1944-11-13
Sarah Walker,Operative grid-enabled frame,Musica,1954-12-11,1939-10-2
William Martin,Inverse analyzing help-desk,Asistente de direccion,1979-8-19,2012-2-21
Jessica Garcia,Inverse clear-thinking groupware,Asistente de sonido,1966-1-21,1933-2-28
Matthew Miller,Progressive actuating intranet,Asistente de vestuario,2003-10-18,1990-12-26
Daniel Garcia,Networked asymmetric initiative,Asistente de casting,1930-5-3,1973-11-22
David Brown,Re-contextualized radical productivity,Sonidista,1953-7-17,1938-11-16
Joseph Jackson,Multi-lateral composite process improvement,Disenador de produccion,1916-7-10,2007-5-4
Christopher Jones,User-centric neutral firmware,Asistente de efectos visuales,2006-8-16,1976-9-12
James Clark,Grass-roots fault-tolerant frame,Asistente de direccion,2002-4-6,1971-8-5
Mark Jones,Reverse-engineered local artificial intelligence,Productor,1930-3-5,2013-1-18
Patricia Lewis,Persistent contextually-based process improvement,Asistente de animacion,1914-11-10,1970-12-20
Jessica Robinson,Configurable methodical Graphical User Interface,Disenador de produccion,1961-4-16,1933-8-8
John Brown,Pre-emptive solution-oriented success,Animador,1972-5-18,1906-10-12
Robert White,Sharable static structure,Asistente de camara,1932-8-13,1921-2-17
Matthew Robinson,Decentralized empowering ability,Asistente de sonido,1959-1-18,1920-8-17
Mark Jones,Multi-lateral 24/7 contingency,Efectos visuales,2017-12-7,1931-2-14
Sarah Allen,Diverse next generation moderator,Asistente de efectos especiales,1996-9-22,1929-11-18
Margaret Allen,Networked mobile migration,Disenador de vestuario,1915-9-14,1980-2-10
Barbara Robinson,Realigned systemic info-mediaries,Casting,1906-9-7,1954-7-23
Robert Jones,Realigned motivating throughput,Asistente de direccion,1983-4-23,1999-6-4
Sarah Young,Cross-group directional definition,Asistente de sonido,1934-1-1,1955-9-16
Jennifer Taylor,Phased zero-defect approach,Editor,2012-6-2,1904-8-27
Linda Lewis,Function-based transitional open architecture,Asistente de produccion,1939-1-17,1962-7-12
Charles Thompson,Assimilated multimedia parallelism,Asistente de sonido,1936-10-15,1916-1-24
Anthony Allen,Polarized responsive ability,Disenador de vestuario,1927-4-13,1999-4-12
Christopher Jones,Digitized full-range portal,Asistente de efectos visuales,1900-12-17,1979-4-25
Robert Anderson,Organized directional archive,Asistente de vestuario,2015-5-27,1922-7-28
Sarah Martinez,Profit-focused 3rdgeneration open architecture,Efectos especiales,1922-9-6,1958-10-9
Lisa Wilson,Face-to-face discrete model,Asistente de maquillaje,1949-4-8,1946-11-28
Christopher Harris,Inverse stable array,Asistente de musica,2001-3-12,1911-5-2
Matthew Lewis,Down-sized multi-tasking Graphic Interface,Efectos visuales,1969-9-12,1947-6-25
David Moore,Quality-focused object-oriented synergy,Disenador de produccion,1987-10-12,1945-1-5
Ashley Hall,Re-engineered actuating budgetary management,Asistente de sonido,1957-11-10,1937-3-7
David Smith,Public-key bifurcated forecast,Asistente de doblaje,1984-3-22,2014-3-27
Thomas Robinson,Reduced optimizing toolset,Disenador de produccion,1982-8-1,1928-4-1
Susan Lewis,Organic systematic application,Asistente de doblaje,1918-5-27,1969-11-3
Robert White,Enterprise-wide dedicated moratorium,Efectos visuales,1907-2-13,1967-7-18
Barbara Martinez,Upgradable local superstructure,Productor,1913-2-20,1941-9-1
Anthony Young,Re-contextualized heuristic hardware,Asistente de efectos especiales,2001-7-20,1991-11-11
Mary Allen,Intuitive actuating matrix,Asistente de camara,1913-12-6,1961-9-2
James Hall,Stand-alone optimizing analyzer,Asistente de sonido,1933-9-25,1998-11-21
Margaret Davis,Seamless global process improvement,Asistente de arte,1941-3-4,1981-6-10
John Harris,Future-proofed 3rdgeneration model,Musica,1901-9-6,2014-3-3
Barbara Hall,Innovative zero-defect artificial intelligence,Asistente de animacion,2016-1-14,2007-9-7
Ashley Lee,Distributed eco-centric productivity,Efectos visuales,1998-4-27,1961-5-6
Mary Moore,Horizontal didactic parallelism,Asistente de direccion,1986-4-20,1960-6-15
Jessica Johnson,Customizable regional contingency,Asistente de efectos especiales,2019-1-22,1985-8-5
Mark Anderson,Multi-channeled leadingedge Internet solution,Efectos especiales,1946-7-7,1937-5-15
Jessica Rodriguez,Profound bifurcated flexibility,Musica,1944-11-5,1953-12-16
Patricia Williams,Progressive actuating intranet,Disenador de vestuario,1974-12-10,1983-10-5
Karen Hernandez,Fundamental hybrid strategy,Asistente de efectos especiales,1991-5-16,1996-12-22
Mark Martin,User-centric upward-trending data-warehouse,Asistente de casting,1968-8-4,1906-12-15
Anthony White,Diverse fresh-thinking matrix,Asistente de efectos visuales,1981-8-1,1990-5-7
Michael Davis,Persevering clear-thinking conglomeration,Guionista,1944-4-13,1948-11-1
David Anderson,Exclusive bottom-line instruction set,Asistente de animacion,1934-1-6,1980-12-11
Thomas Jones,Fully-configurable mission-critical Graphic Interface,Asistente de camara,2007-6-14,2012-7-20
James Hernandez,Virtual encompassing task-force,Doblaje,2014-9-16,1995-12-8
John Young,Organized clear-thinking application,Productor,1958-4-14,1939-5-2
Charles Robinson,Open-architected incremental secured line,Asistente de musica,2005-12-18,1909-7-12
Nancy Brown,Profit-focused interactive strategy,Editor,1940-9-10,1956-1-26
John Martinez,Cloned neutral alliance,Camarografo,1978-7-28,1959-9-10
Linda Davis,Versatile upward-trending forecast,Asistente de vestuario,1949-7-14,1990-3-25
Michael Brown,Open-source global task-force,Asistente de casting,1912-4-11,1988-7-15
Barbara Rodriguez,Open-architected optimal standardization,Efectos especiales,1995-4-8,1985-7-8
Christopher Lewis,Diverse analyzing frame,Asistente de animacion,1931-8-20,1929-3-23
Christopher Hernandez,Sharable client-server project,Doblaje,1928-8-27,2006-1-20
Christopher Thomas,Re-contextualized intermediate paradigm,Productor,2017-8-21,1931-4-11
Anthony Harris,Assimilated upward-trending solution,Asistente de maquillaje,1928-2-5,1939-8-6
Ashley Harris,Triple-buffered fault-tolerant task-force,Maquillador,1928-3-22,1971-4-20
Jessica Lee,Business-focused discrete model,Sonidista,1953-4-25,1927-5-9
Ashley Wilson,De-engineered modular system engine,Asistente de sonido,1997-1-23,1941-11-17
Susan Davis,Devolved client-server attitude,Asistente de doblaje,1951-5-6,1964-10-1
Jessica Martinez,Assimilated solution-oriented support,Animador,1951-5-9,1904-12-19
Joseph Brown,Visionary next generation solution,Disenador de vestuario,1954-4-26,2006-5-17
Ashley Rodriguez,Versatile responsive implementation,Maquillador,1976-7-27,1979-3-25
Lisa White,Function-based client-server projection,Asistente de direccion,1971-7-11,1950-1-3
Ashley Clark,Organic upward-trending portal,Efectos visuales,1901-7-2,1913-1-8
Charles Smith,Progressive zero-defect pricing structure,Asistente de casting,1924-9-15,2020-3-27
Linda White,Reduced zero-defect migration,Asistente de arte,1961-10-5,2003-1-2
Daniel Young,Proactive secondary throughput,Guionista,1907-1-14,2015-10-6
Mary Jackson,Multi-layered 24/7 Graphic Interface,Asistente de sonido,1983-8-25,1980-5-20
Daniel Johnson,Persistent asymmetric protocol,Maquillador,1972-3-10,1967-4-22
Charles Anderson,Reduced empowering customer loyalty,Animador,2002-11-26,1924-9-25
Jessica Jackson,Cloned explicit adapter,Asistente de doblaje,1974-1-26,1923-7-19
David Allen,Team-oriented background model,Asistente de musica,1997-3-15,2017-4-12
Nancy Thompson,Reverse-engineered fresh-thinking extranet,Efectos visuales,1981-5-6,1935-6-19
Christopher Martin,Decentralized well-modulated function,Asistente de efectos especiales,1966-1-7,1933-9-23
Ashley Rodriguez,Robust reciprocal project,Efectos especiales,1910-1-23,1919-4-7
Jennifer Allen,Networked asymmetric initiative,Asistente de arte,1923-7-9,1927-5-5
Anthony Johnson,Fully-configurable responsive matrix,Sonidista,2000-10-21,1936-9-1
Jennifer Anderson,Sharable contextually-based installation,Disenador de vestuario,2003-2-17,1932-4-9
Margaret Hall,Fundamental heuristic array,Maquillador,1907-7-10,1918-11-15
Thomas Taylor,Versatile asymmetric array,Animador,1968-5-24,1983-2-12
Christopher White,Networked composite capability,Casting,2014-10-25,1975-11-10
Matthew Rodriguez,Function-based eco-centric paradigm,Asistente de produccion,1937-4-10,1949-11-5
Elizabeth Johnson,Multi-lateral disintermediate budgetary management,Editor,1912-7-10,1903-11-25
Christopher Davis,Adaptive solution-oriented throughput,Actor,1943-3-9,1983-7-26
James Lewis,Profound well-modulated secured line,Asistente de animacion,1900-12-11,1958-1-15
Thomas Jackson,Phased 6thgeneration conglomeration,Asistente de camara,2020-6-25,1923-8-28
Richard Miller,Mandatory zero tolerance encoding,Camarografo,1925-3-5,1977-6-27
Sarah Garcia,Triple-buffered dedicated archive,Asistente de camara,1930-10-25,1924-5-16
Robert Miller,Polarized web-enabled matrix,Asistente de doblaje,1956-7-2,1982-3-23
Christopher Allen,Robust neutral focus group,Asistente de efectos especiales,1997-7-16,2013-9-10
Joseph Brown,Networked empowering task-force,Asistente de casting,2018-3-3,1925-11-28
James Clark,Centralized interactive alliance,Asistente de produccion,1930-11-20,2014-9-12
Jessica Jones,Persevering 6thgeneration paradigm,Asistente de arte,1955-12-17,1935-10-14
John Brown,Front-line dedicated infrastructure,Productor,1990-10-17,1907-8-28
Elizabeth Martin,Automated attitude-oriented initiative,Guionista,1995-3-10,2003-6-24
Anthony Rodriguez,Balanced eco-centric conglomeration,Actor,1930-10-3,1997-10-5
Margaret Taylor,Networked optimizing contingency,Asistente de animacion,1929-7-5,1956-3-5
Barbara Robinson,Advanced analyzing task-force,Disenador de vestuario,1947-1-2,1909-5-28
Jessica Jones,Focused mission-critical archive,Editor,1982-3-18,1941-7-4
Barbara Rodriguez,Fully-configurable global concept,Asistente de arte,1969-11-14,1919-6-6
Karen Thomas,Distributed non-volatile application,Efectos especiales,1925-10-8,2007-1-10
Thomas Miller,Multi-lateral 6thgeneration contingency,Asistente de vestuario,1907-6-4,1943-10-10
Michael Lewis,Object-based responsive approach,Sonidista,1933-1-13,1916-8-16
James White,Front-line analyzing hierarchy,Director,1925-4-8,1916-2-28
Elizabeth Young,Team-oriented empowering matrix,Asistente de vestuario,2009-10-22,2020-3-12
Nancy Martin,Fundamental hybrid strategy,Director,1910-4-2,1985-10-13
Susan Lee,Proactive leadingedge migration,Asistente de musica,1985-9-23,1934-11-7
Charles Brown,Operative context-sensitive concept,Productor,1983-1-1,2014-2-24
John White,Programmable exuding implementation,Asistente de efectos visuales,1981-6-26,1947-6-12
Daniel Thomas,Triple-buffered encompassing approach,Asistente de produccion,1911-5-13,1911-2-15
Michael Harris,Reverse-engineered intangible time-frame,Asistente de efectos visuales,2018-9-12,1988-4-9
William Jones,Multi-tiered well-modulated policy,Asistente de casting,2000-3-11,1918-9-8
Sarah Allen,Function-based asynchronous budgetary management,Productor,1967-12-7,2019-7-26
Sarah Jackson,Multi-lateral bifurcated Local Area Network,Asistente de sonido,2000-4-21,1974-10-20
Joseph Williams,Reverse-engineered bifurcated utilization,Guionista,1958-12-17,1997-5-28
Mark Jones,Face-to-face regional capacity,Efectos visuales,1932-5-24,1996-7-6
Susan Miller,Down-sized exuding groupware,Asistente de casting,1987-5-9,1901-11-4
Sandra Hernandez,Reduced actuating application,Animador,1958-3-15,2014-9-25
Susan Walker,Quality-focused client-server structure,Doblaje,1960-3-16,1995-1-12
Anthony Walker,Open-source optimizing paradigm,Asistente de sonido,1909-7-23,1987-5-5
Joseph Williams,Future-proofed systemic middleware,Disenador de produccion,2003-4-13,2002-5-23
Elizabeth Robinson,De-engineered bottom-line workforce,Efectos especiales,1955-1-26,1991-4-13
Sandra Moore,Seamless systemic database,Camarografo,1993-12-9,1977-12-27
Daniel Harris,Progressive homogeneous extranet,Efectos especiales,1985-2-27,1970-12-26
Charles Jones,Re-contextualized mission-critical success,Director,2002-4-5,1983-8-25
Sarah Davis,Versatile global utilization,Asistente de musica,1903-2-20,1998-4-3
Charles Robinson,Re-engineered methodical knowledgebase,Actor,1955-4-9,1952-11-11
Margaret White,Phased zero-defect approach,Asistente de vestuario,1963-3-26,1913-5-16
Linda Robinson,Reactive background synergy,Casting,1939-5-25,1991-1-21
Karen Davis,Fundamental human-resource synergy,Disenador de vestuario,1957-7-20,1917-6-2
Ashley Thompson,Re-engineered analyzing open architecture,Asistente de animacion,1946-3-15,2000-4-2
David Lee,Multi-channeled 5thgeneration orchestration,Maquillador,1906-1-27,1929-8-27
Susan Hall,Synchronized 5thgeneration middleware,Doblaje,1993-8-17,1918-9-24
Mary White,Profit-focused directional throughput,Efectos visuales,2003-6-12,1928-10-1
Susan Jackson,Organic systematic application,Efectos especiales,1944-2-6,1968-10-15
Jennifer Harris,Front-line analyzing hierarchy,Efectos especiales,1927-8-22,1967-7-22
William Lee,Advanced 3rdgeneration migration,Asistente de produccion,2012-3-20,1972-12-24
James Hernandez,Fully-configurable real-time matrix,Disenador de produccion,1912-6-23,1910-8-17
Karen Williams,Upgradable neutral hub,Asistente de produccion,1977-4-22,1918-7-18
Thomas Brown,Polarized mission-critical infrastructure,Casting,1959-11-26,1992-10-19
William Davis,Reactive interactive structure,Director,1977-1-8,1990-11-25
Matthew Lee,Fully-configurable mission-critical Graphic Interface,Asistente de vestuario,1925-5-4,1935-3-15
Mark Thomas,Integrated human-resource function,Efectos visuales,1976-12-26,1970-8-22
Patricia Thompson,Business-focused encompassing utilization,Asistente de musica,1947-1-16,1977-3-3
Joseph Taylor,Re-engineered even-keeled middleware,Asistente de produccion,1998-5-3,1923-5-26
Barbara Lewis,Distributed logistical alliance,Editor,1997-7-17,1938-4-4
James Hall,User-centric neutral firmware,Maquillador,1976-5-21,1929-12-16
William Wilson,Horizontal 3rdgeneration hardware,Asistente de doblaje,2008-12-20,1918-10-23
Matthew Robinson,Function-based encompassing capacity,Doblaje,1982-12-18,1952-2-14
Michael Brown,Open-source radical portal,Productor,1995-11-21,1922-12-13
Barbara Robinson,Implemented empowering orchestration,Efectos visuales,1966-4-7,1943-12-22
Susan Young,Sharable static structure,Animador,1966-12-3,1998-6-3
Sandra Harris,Object-based directional throughput,Director,1936-10-11,1938-1-11
Patricia Allen,Synergistic actuating project,Animador,1977-8-1,1937-2-3
Jessica Thomas,Distributed logistical alliance,Maquillador,1992-12-16,2016-9-3
Robert Anderson,Organized actuating functionalities,Asistente de doblaje,1984-12-7,1920-12-27
Christopher Walker,Re-contextualized heuristic hardware,Asistente de vestuario,1972-4-17,1997-6-26
Karen Walker,Automated leadingedge toolset,Disenador de produccion,1923-7-26,1932-7-13
Mark Walker,Pre-emptive grid-enabled migration,Editor,1987-8-27,1957-9-14
Sarah Clark,Re-contextualized intermediate paradigm,Actor,1975-10-23,1986-3-26
Joseph Jones,Seamless modular pricing structure,Efectos especiales,2007-5-24,1919-7-15
Margaret Garcia,De-engineered disintermediate pricing structure,Guionista,1932-5-26,1909-6-27
Nancy Lee,Multi-lateral disintermediate extranet,Asistente de efectos visuales,1959-6-5,1915-11-7
Sandra Taylor,Customizable intangible projection,Asistente de sonido,1969-7-7,1972-2-3
David Lee,Devolved global intranet,Asistente de efectos especiales,2005-6-13,1991-5-1
David Smith,Fundamental methodical projection,Sonidista,1900-1-18,1911-7-24
Richard White,Object-based directional throughput,Efectos visuales,1939-1-5,1901-5-18
Jennifer Anderson,Multi-layered 24/7 Graphic Interface,Asistente de produccion,1937-7-4,1972-10-25
David Williams,Open-source zero-defect framework,Casting,1940-11-19,1977-12-14
John Jackson,Compatible secondary architecture,Asistente de direccion,1912-7-27,1916-5-10
Charles Moore,Up-sized 5thgeneration capability,Disenador de produccion,1928-5-19,1951-11-26
Lisa Thompson,Intuitive hybrid process improvement,Asistente de direccion,1919-5-14,2007-1-19
Susan Thompson,Realigned bifurcated toolset,Asistente de direccion,1976-11-10,1924-10-10
Mary Taylor,Progressive background parallelism,Asistente de maquillaje,1930-1-2,1916-7-7
John Johnson,Re-contextualized asymmetric collaboration,Disenador de vestuario,1979-4-13,1916-12-3
Michael White,Virtual leadingedge infrastructure,Productor,2006-1-11,2019-5-5
Richard Davis,Intuitive fault-tolerant intranet,Productor,1906-3-23,2004-3-19
Linda Miller,Reactive regional Local Area Network,Asistente de efectos visuales,1956-9-16,1986-9-23
James Hall,Innovative national definition,Asistente de animacion,1993-9-6,1966-4-2
Christopher Rodriguez,Reactive interactive structure,Asistente de camara,1905-10-18,1977-1-14
Margaret Lewis,Operative human-resource adapter,Productor,1961-6-26,2004-11-2
Karen Williams,Devolved interactive alliance,Asistente de animacion,1988-9-25,1921-11-24
Richard Brown,Virtual optimizing capability,Efectos especiales,1901-7-8,1912-11-25
Mary Smith,Cross-group exuding solution,Efectos visuales,1909-5-12,2004-6-6
Matthew Brown,Function-based needs-based open architecture,Disenador de vestuario,1983-11-20,1996-2-25
Linda Johnson,Open-architected maximized monitoring,Asistente de animacion,1966-10-11,1944-10-13
Sarah Lewis,Face-to-face foreground task-force,Disenador de produccion,1916-5-3,1957-6-23
Matthew Johnson,Networked static extranet,Editor,1950-6-2,1973-2-7
Barbara Thomas,Face-to-face 24/7 structure,Asistente de sonido,1910-2-15,2017-5-8
Margaret Taylor,Implemented bottom-line budgetary management,Guionista,1919-2-12,1956-12-24
Jessica Allen,User-centric multimedia leverage,Disenador de vestuario,2015-4-10,1910-1-28
William White,Team-oriented directional moratorium,Asistente de efectos especiales,1965-11-13,1992-11-20
Joseph Brown,Mandatory zero tolerance encoding,Asistente de arte,1901-4-2,1939-2-28
Linda Garcia,Adaptive asymmetric database,Musica,2010-1-3,1944-8-12
Mark Taylor,Horizontal explicit firmware,Asistente de efectos visuales,1963-1-2,1951-1-1
Barbara Rodriguez,Cross-group stable forecast,Guionista,1950-9-18,1903-1-14
David Thomas,Organized zero tolerance Internet solution,Camarografo,1978-3-1,1957-9-17
Jessica Allen,Balanced motivating interface,Asistente de maquillaje,1962-9-20,2008-10-23
Richard Lewis,Advanced 3rdgeneration migration,Camarografo,1972-9-20,2005-7-18
Robert Anderson,Function-based methodical matrices,Maquillador,1969-12-14,1922-11-21
Michael Jones,Intuitive actuating matrix,Disenador de produccion,1954-4-22,1971-5-21
William Clark,Proactive leadingedge migration,Musica,1951-7-27,1988-11-20
Sandra Lee,Robust mobile firmware,Camarografo,1965-1-10,1976-10-1
John Taylor,Digitized bifurcated model,Guionista,1910-10-11,1908-9-11
Ashley Young,Devolved coherent software,Director,1932-1-9,1982-8-13
Thomas Wilson,Implemented incremental Local Area Network,Asistente de arte,1901-1-23,1915-10-15
Lisa Johnson,Cross-group human-resource Internet solution,Asistente de vestuario,1964-5-18,1907-1-11
Anthony Lee,Streamlined didactic superstructure,Asistente de doblaje,2001-8-2,1950-4-5
Sarah Robinson,Operative non-volatile pricing structure,Asistente de maquillaje,1936-9-8,1906-2-18
William Moore,Seamless tertiary pricing structure,Musica,1909-2-18,2007-10-8
Nancy Garcia,Fundamental directional matrix,Maquillador,1904-9-8,2014-12-21
Margaret Davis,Total system-worthy conglomeration,Productor,1902-7-20,2007-9-15
Jennifer Young,Visionary logistical structure,Productor,1978-11-17,1911-9-1
John Robinson,Exclusive grid-enabled capacity,Casting,1934-4-24,1998-11-7
Matthew Davis,Team-oriented homogeneous firmware,Asistente de musica,1973-12-13,1939-12-21
Susan Hall,Decentralized empowering ability,Disenador de vestuario,1952-7-2,1968-7-26
Joseph Jackson,Virtual asymmetric policy,Guionista,1954-5-12,1925-1-18
Susan Lewis,Cross-group high-level standardization,Asistente de musica,1958-6-11,1937-7-26
Richard Rodriguez,Down-sized contextually-based projection,Asistente de musica,2012-3-2,1959-8-25
Susan Hall,Face-to-face holistic database,Casting,1983-4-18,1959-9-18
Thomas Brown,Mandatory executive Internet solution,Efectos visuales,1972-8-16,2012-8-12
Thomas Robinson,Enterprise-wide local data-warehouse,Musica,1909-4-13,2010-4-6
William Moore,Assimilated even-keeled encoding,Guionista,2000-10-16,1909-10-15
Sandra Moore,Inverse maximized definition,Asistente de camara,1957-11-25,1961-5-23
Christopher Wilson,Organized actuating functionalities,Asistente de direccion,1922-6-6,2011-10-14
Ashley Thompson,Devolved well-modulated approach,Efectos especiales,2002-11-10,1968-7-8
William Walker,Quality-focused reciprocal middleware,Asistente de produccion,1985-7-19,1962-11-3
James Robinson,Future-proofed zero administration project,Asistente de maquillaje,2015-9-23,1979-5-22
Mark Miller,Reduced empowering customer loyalty,Asistente de vestuario,1968-12-19,1959-10-15
Robert Wilson,Pre-emptive directional structure,Doblaje,1946-2-13,1916-1-18
Thomas Jones,Networked asymmetric initiative,Disenador de produccion,1965-2-15,1989-5-17
Sandra Davis,Synergistic logistical approach,Disenador de produccion,1913-2-2,1961-9-27
Thomas Taylor,Visionary next generation solution,Asistente de doblaje,1955-3-24,1985-1-21
Richard Hernandez,Exclusive eco-centric projection,Musica,1900-5-11,1985-5-19
Joseph Davis,Profit-focused user-facing encryption,Disenador de vestuario,2015-1-14,1951-1-5
William Brown,Versatile attitude-oriented circuit,Asistente de produccion,1987-9-25,1998-12-23
Sandra Harris,Ameliorated mission-critical Internet solution,Sonidista,1929-9-23,1971-12-19
William Thomas,Profound leadingedge capacity,Actor,1982-5-21,1939-5-17
Sarah Martinez,Optional 5thgeneration strategy,Asistente de produccion,1904-10-5,1928-7-13
Jessica Walker,Function-based transitional open architecture,Asistente de efectos especiales,1997-5-2,1972-8-21
Jessica Anderson,Networked asymmetric initiative,Maquillador,1982-2-27,1931-8-12
John Anderson,Robust context-sensitive Graphical User Interface,Efectos visuales,1990-5-17,1945-11-26
Michael Thompson,Visionary next generation circuit,Sonidista,1908-11-9,1900-7-11
James Brown,Face-to-face holistic database,Efectos visuales,1994-12-14,1908-2-13
Christopher Rodriguez,Reverse-engineered bifurcated utilization,Actor,1987-7-7,1903-8-16
Barbara Hall,Diverse zero tolerance synergy,Asistente de casting,1999-5-26,1984-1-27
Karen Miller,Optimized client-server encryption,Director,1925-11-6,1994-1-20
Karen Walker,Polarized mission-critical infrastructure,Efectos especiales,1947-2-22,1900-6-10
Jessica Lewis,Vision-oriented zero-defect intranet,Director,1973-2-7,1993-6-26
Barbara Rodriguez,Operative radical benchmark,Asistente de efectos visuales,2012-3-15,1908-2-22
Lisa Martin,Face-to-face background conglomeration,Guionista,2010-3-1,1987-7-23
Sandra Miller,Virtual encompassing task-force,Guionista,1971-11-21,2011-10-9
David Wilson,Function-based full-range emulation,Disenador de produccion,1990-3-13,1994-5-13
Mark Johnson,Visionary high-level conglomeration,Camarografo,1900-2-20,1950-3-24
Linda Hall,Exclusive methodical hierarchy,Guionista,1927-4-11,2003-1-27
Daniel White,Balanced secondary forecast,Asistente de musica,1949-3-22,1901-8-2
Anthony Martinez,Optional zero tolerance firmware,Asistente de efectos visuales,1929-9-7,1989-12-22
Susan Garcia,Operative non-volatile toolset,Asistente de sonido,1937-12-20,2009-4-17
Jennifer Taylor,Intuitive object-oriented model,Asistente de arte,1904-10-10,2016-8-4
Ashley Wilson,Persistent asymmetric protocol,Asistente de doblaje,1959-5-23,2012-9-10
Charles Miller,Grass-roots cohesive info-mediaries,Doblaje,1938-6-9,1963-9-16
