start_node_id,end_node_id,properties.Date,properties.DurationWatched,properties.Tags
Deanna Leon,Fully-configurable global concept,2000-3-15,71,Western
Ricardo Padilla,Customizable stable ability,2009-11-18,62,Deporte
Taylor Arnold,Cross-platform foreground projection,2009-1-6,35,Western
Reginald Walker,Front-line bifurcated time-frame,2015-4-8,5,Animacion
Kimberly Oneill,Profound systematic project,2011-1-2,65,Deporte
Diana Russell,Seamless multi-tasking parallelism,2010-9-23,8,Deporte
Kristin Spencer,Cloned zero administration conglomeration,2015-3-12,47,Documental
Amy Schmidt,Innovative solution-oriented concept,2004-3-1,90,Deporte
Bryan Brooks,Compatible motivating parallelism,2016-12-27,63,Suspense
Lisa Harris,Implemented incremental Local Area Network,2019-1-10,10,Drama
William Aguirre,Advanced 5thgeneration knowledgebase,2005-9-18,79,Accion y aventuras
Andrea Crawford PhD,Cloned analyzing groupware,2001-11-7,79,Terror
Elizabeth Kline,Phased tangible intranet,2001-12-17,36,Deporte
Sara Mccoy,Innovative executive toolset,2002-10-12,108,Romance
Cheryl Delacruz,Persevering stable service-desk,2004-6-16,102,Fantasia
Ashley Maldonado,Multi-lateral zero tolerance structure,2011-2-18,45,Accion y aventuras
Jonathan Clarke,Re-contextualized radical productivity,2011-8-18,90,Suspense
Lee Harmon,Secured transitional architecture,2005-9-17,26,Fantasia
Melissa Jones,Profound real-time neural-net,2000-4-14,10,Animacion
Alicia Patrick DVM,Face-to-face foreground task-force,2003-7-23,59,Suspense
Michelle Scott,Open-source radical portal,2011-12-2,66,Deporte
Dr. Kathryn Brown MD,Cross-platform high-level matrix,2000-1-8,37,Suspense
Ryan Jensen,Future-proofed zero administration project,2010-1-25,92,Historia
Joshua Bennett,Progressive next generation matrices,2017-4-8,13,Ciencia ficcion
Dawn Barnes,Reverse-engineered intangible time-frame,2014-5-20,69,Documental
John Mcintosh,Down-sized multi-tasking Graphic Interface,2000-12-24,116,Documental
Adrian Wiley PhD,User-centric well-modulated array,2006-1-20,45,Documental
Jessica Chambers,Multi-channeled dynamic monitoring,2018-5-4,57,Crimen
Sarah Butler,Reverse-engineered content-based matrices,2013-2-11,94,Historia
Susan Hunter,Proactive leadingedge migration,2006-6-6,55,Terror
Stephanie Huffman,Focused hybrid knowledge user,2000-4-20,26,Misterio
David Torres,Reverse-engineered content-based matrices,2019-8-14,42,Suspense
John Harris,Virtual transitional contingency,2000-9-12,100,Fantasia
Brandi Reyes,Organic heuristic projection,2001-8-13,32,Deporte
Michael King,User-centric multimedia concept,2009-2-9,113,Western
Keith Park,Implemented empowering orchestration,2020-8-3,92,Western
Trevor Smith,Right-sized attitude-oriented circuit,2007-4-26,37,Terror
Lauren Freeman,Distributed eco-centric data-warehouse,2019-12-26,59,Drama
Kyle Chavez,Synergistic systematic secured line,2001-11-4,35,Crimen
John Garrett,Organized zero tolerance Internet solution,2019-10-2,30,Terror
Erika Kennedy,Secured transitional architecture,2002-5-22,115,Deporte
Alec Rogers,Multi-lateral disintermediate budgetary management,2006-9-6,38,Guerra
Todd Wilson,Advanced attitude-oriented strategy,2001-4-22,2,Fantasia
Renee Gomez,Realigned systemic info-mediaries,2005-3-19,65,Documental
Linda James,Extended multi-state moderator,2018-5-21,56,Fantasia
Kristy Perez,Profit-focused zero-defect success,2008-1-9,114,Fantasia
Jesse Holt,Reactive interactive structure,2006-7-12,18,Musical
Luis Meza,Networked system-worthy software,2004-8-26,14,Western
Stephanie Marshall,Visionary full-range superstructure,2013-9-9,63,Historia
Bradley Turner,Versatile asymmetric array,2006-6-25,98,Terror
Keith Sutton,Distributed non-volatile application,2005-12-8,101,Crimen
Mindy Stevens,Assimilated background initiative,2008-8-5,33,Familia
Kyle Chavez,Polarized disintermediate leverage,2001-6-14,23,Historia
Kelly Singleton,Persevering well-modulated help-desk,2003-4-3,30,Documental
Dawn Allen,Organized high-level Graphic Interface,2014-6-23,8,Historia
Sandra Johnson,Managed solution-oriented analyzer,2015-2-4,79,Terror
Eddie Rose,Managed value-added interface,2010-11-28,77,Romance
Brenda Cruz,Synergistic secondary parallelism,2018-1-12,13,Comedia
Joshua Burns,Intuitive clear-thinking architecture,2013-11-13,63,Comedia
Ronald Reynolds,Cloned explicit adapter,2014-9-19,52,Romance
Adam Turner,Fully-configurable homogeneous forecast,2001-4-10,14,Crimen
Andrew Baker,Multi-lateral dedicated neural-net,2010-3-1,67,Familia
Karen Joseph,Enterprise-wide system-worthy help-desk,2000-8-21,78,Western
Christopher Williams,User-friendly coherent Local Area Network,2004-9-11,1,Terror
Teresa Adams,Cross-group stable forecast,2003-10-17,100,Musical
Terry Mooney,Horizontal fresh-thinking interface,2014-2-12,6,Animacion
Jeanne Ortiz,Versatile global utilization,2006-8-26,66,Deporte
Kayla Keller,De-engineered modular database,2009-6-7,54,Guerra
Kevin Delgado,Fundamental well-modulated moderator,2000-5-3,57,Historia
Jeremy Wade,Multi-lateral encompassing forecast,2003-11-16,54,Misterio
Kayla Beard,Cross-platform foreground projection,2004-8-22,64,Misterio
Joel Johnson,Profit-focused content-based collaboration,2009-11-18,89,Guerra
Amy Massey,Persevering 6thgeneration paradigm,2014-4-15,99,Misterio
Marcia Adams,Fully-configurable homogeneous forecast,2000-5-26,79,Suspense
Mario Brown,Multi-layered optimal model,2002-3-26,43,Suspense
Sonia Sandoval,Operative human-resource adapter,2003-12-14,10,Familia
Bernard Fisher,Re-contextualized background database,2017-6-27,32,Crimen
Jill Dunn,Front-line local Internet solution,2015-3-4,11,Musical
Ashley Johnson,Synergistic actuating extranet,2010-4-26,36,Musical
Sara Andrews,Multi-tiered well-modulated policy,2011-12-15,101,Familia
Russell Jackson,Sharable systemic collaboration,2015-9-26,106,Drama
Vanessa Ortiz,Synchronized bi-directional adapter,2006-3-15,100,Familia
Joseph Pierce,Implemented system-worthy frame,2011-11-25,102,Misterio
Tracy Wolf,Customizable intangible projection,2017-7-23,78,Fantasia
Patricia Murray,Progressive secondary productivity,2009-7-17,42,Suspense
Ryan Jensen,Multi-lateral 6thgeneration contingency,2002-10-3,45,Misterio
Dawn Allen,Re-engineered systematic function,2000-10-4,50,Musical
Christine Marquez,Multi-lateral 24/7 contingency,2016-3-24,20,Animacion
Joshua Silva,Implemented 24/7 strategy,2003-6-14,61,Romance
Vincent Mcpherson,Quality-focused object-oriented synergy,2013-11-7,24,Suspense
Jesus Leach MD,Implemented foreground application,2011-2-15,28,Crimen
Samantha Moore,Fully-configurable 24hour capacity,2014-4-1,80,Accion y aventuras
Christopher Mcbride,Adaptive asymmetric database,2019-3-11,26,Historia
Justin Smith,Multi-layered human-resource task-force,2018-5-5,94,Musical
Kristie Davila,Multi-tiered global customer loyalty,2011-6-25,101,Deporte
Erika Jones,Re-engineered uniform customer loyalty,2006-12-20,3,Terror
Jeremy Simpson,Switchable homogeneous initiative,2006-12-5,9,Drama
Jonathan Clarke,Monitored background toolset,2009-2-6,22,Comedia
David Smith,Total 4thgeneration emulation,2000-5-28,46,Crimen
Susan Hunter,Advanced analyzing task-force,2000-3-6,35,Comedia
Crystal Williams,Distributed explicit implementation,2012-11-18,102,Suspense
Vanessa Ortiz,Grass-roots foreground artificial intelligence,2000-5-3,102,Familia
Kathleen Robertson,Streamlined non-volatile frame,2017-6-23,63,Accion y aventuras
James Goodman,Multi-tiered client-driven success,2012-3-19,100,Guerra
Peggy Fields,Multi-layered motivating array,2013-11-14,78,Romance
Katherine Perez,Proactive clear-thinking initiative,2008-3-25,81,Deporte
Jacob Williams,Open-source value-added ability,2003-2-18,68,Fantasia
Jamie Scott,Adaptive asymmetric database,2015-1-24,97,Accion y aventuras
Lauren Norman,Decentralized explicit time-frame,2012-3-27,28,Crimen
Christopher Davis,Re-contextualized content-based standardization,2004-6-25,59,Documental
Bryan Baldwin,Expanded analyzing help-desk,2000-8-23,21,Drama
Jillian Payne,Centralized client-server focus group,2008-5-23,14,Misterio
Pam Gardner,Open-architected maximized monitoring,2009-6-22,13,Suspense
Dakota Carlson,Customer-focused fault-tolerant function,2009-9-3,93,Romance
Karen Baldwin,Devolved coherent software,2017-12-11,96,Comedia
Amanda Wheeler,Managed solution-oriented analyzer,2003-1-17,32,Crimen
Jared King,Triple-buffered stable structure,2013-9-12,30,Misterio
Ashley Walker,Business-focused tertiary challenge,2006-12-27,91,Documental
Mr. James Chandler,Mandatory neutral hardware,2009-2-9,98,Romance
Diane Flores,Enterprise-wide optimizing function,2007-8-26,3,Crimen
Andrea Crawford PhD,Total tangible strategy,2001-12-22,109,Historia
Drew Flynn,Organic upward-trending portal,2019-4-26,12,Western
Christopher Gutierrez,Operative human-resource adapter,2009-4-9,73,Romance
Calvin Ray,Visionary cohesive middleware,2010-5-12,49,Romance
Pamela Pratt,Up-sized actuating emulation,2020-8-16,69,Accion y aventuras
Danny Murray,Digitized mobile neural-net,2008-1-3,61,Documental
Janet Castillo,Function-based encompassing capacity,2002-6-8,68,Crimen
Kristina Marks,Persistent contextually-based process improvement,2016-3-11,31,Suspense
Keith Sutton,Profound motivating artificial intelligence,2008-3-23,40,Fantasia
William Aguirre,Triple-buffered encompassing approach,2000-7-28,55,Familia
Shawn Harris,Advanced transitional archive,2010-7-4,103,Drama
Christopher Griffith,Diverse 24/7 standardization,2000-7-12,98,Crimen
Phillip Gardner,Re-contextualized impactful flexibility,2010-3-9,96,Animacion
John Garrett,Multi-layered encompassing website,2008-5-1,28,Misterio
Catherine Haynes,Streamlined grid-enabled budgetary management,2020-9-27,20,Accion y aventuras
Molly Cole,Multi-lateral disintermediate extranet,2005-5-3,79,Comedia
Miranda Marsh,Synergized interactive core,2000-3-8,93,Misterio
Joshua Hull,Inverse tangible implementation,2015-4-8,23,Terror
Christine Sparks,Multi-lateral dedicated functionalities,2019-6-6,94,Terror
Janet Carson,Devolved systemic solution,2001-11-13,118,Drama
Jessica Jones,Mandatory zero administration implementation,2011-12-13,88,Crimen
Sarah Montgomery,Multi-lateral foreground service-desk,2015-12-21,91,Romance
Terry Lewis,Horizontal dedicated groupware,2001-11-19,98,Accion y aventuras
Kathleen Reeves,Operative non-volatile pricing structure,2018-8-10,102,Accion y aventuras
Joseph Peters,Re-contextualized intermediate paradigm,2019-11-3,120,Familia
Katherine Holland,Vision-oriented radical encoding,2005-6-7,7,Documental
Christine Short,Exclusive bottom-line instruction set,2002-3-20,8,Accion y aventuras
Sean Wood,Mandatory static pricing structure,2019-3-1,120,Deporte
Mark Larson,Grass-roots cohesive info-mediaries,2011-3-28,104,Documental
Kimberly Mcdaniel,Versatile leadingedge array,2003-11-9,95,Romance
Rhonda Duffy,Monitored hybrid forecast,2012-12-24,16,Familia
Micheal Cook,Operative attitude-oriented product,2016-6-22,37,Guerra
Teresa Hughes,Down-sized executive initiative,2017-7-2,114,Fantasia
Jessica Dawson,De-engineered modular database,2008-12-28,107,Historia
Felicia Sanchez,Streamlined scalable service-desk,2005-1-24,100,Animacion
Madison Phillips,Switchable 24/7 structure,2012-8-28,8,Guerra
Kari Haas,Persistent responsive leverage,2020-7-2,86,Ciencia ficcion
April Rocha,User-friendly 24hour definition,2001-2-12,62,Documental
Denise Johnson,Configurable didactic time-frame,2016-1-28,22,Historia
Earl Valdez,Enhanced foreground process improvement,2011-9-20,14,Musical
Christina Hendricks,Compatible demand-driven help-desk,2012-3-26,97,Animacion
Erika Jones,Public-key bifurcated forecast,2001-4-19,23,Misterio
Tyler Allen,Pre-emptive didactic customer loyalty,2010-12-5,114,Ciencia ficcion
Megan Everett,Organized dynamic leverage,2011-10-17,3,Familia
Bryan Parks,Optional 5thgeneration strategy,2000-9-4,48,Guerra
Angela Fox MD,Face-to-face incremental framework,2006-10-15,93,Misterio
Eric Howard,Organic upward-trending portal,2000-3-24,6,Deporte
Tim Freeman,Advanced next generation contingency,2010-9-12,90,Animacion
Angela Bean,Digitized directional focus group,2009-2-16,40,Romance
Cynthia Pearson,Multi-lateral scalable structure,2010-8-16,44,Accion y aventuras
Sarah Morrow,Devolved non-volatile open system,2016-2-11,43,Terror
Angela Santana,Reactive global implementation,2000-2-1,81,Crimen
Lisa Richards,Re-contextualized asymmetric collaboration,2003-3-11,114,Fantasia
Jesus Leach MD,Object-based directional throughput,2019-9-16,9,Suspense
Nicholas Patel,Innovative executive toolset,2009-7-4,77,Drama
Joshua Sampson,Front-line actuating knowledgebase,2019-11-20,37,Fantasia
Katrina Vaughn,Digitized directional focus group,2019-1-2,75,Comedia
Kathleen Reeves,Distributed multi-state monitoring,2008-3-28,117,Familia
Jonathan Richardson,Realigned systemic info-mediaries,2011-7-12,97,Western
Melissa Hall,Persevering exuding hardware,2010-1-22,62,Musical
Julie Hart,Reactive 5thgeneration throughput,2004-12-23,71,Documental
Lisa Greene,Implemented foreground application,2006-8-10,74,Guerra
Gregory Walker,Fundamental intangible leverage,2014-8-7,73,Musical
Renee Gomez,Fully-configurable mission-critical Graphic Interface,2002-8-10,88,Documental
Shannon Maxwell,Proactive leadingedge migration,2004-11-19,52,Musical
Joseph Cantrell,Persevering clear-thinking conglomeration,2015-4-1,96,Animacion
Stephen Gregory,Monitored coherent matrix,2013-9-10,52,Guerra
Brian Brewer,Function-based client-server projection,2011-8-3,17,Misterio
Alexander Byrd,Open-architected mission-critical system engine,2015-10-6,119,Fantasia
Jennifer Delacruz,Expanded analyzing help-desk,2019-6-11,73,Drama
Melissa Deleon,Function-based system-worthy complexity,2018-9-8,113,Drama
Daniel Arnold,Switchable next generation info-mediaries,2000-4-19,110,Musical
Jennifer Kelley,Fundamental multi-state data-warehouse,2003-3-1,29,Drama
Michael Moore,Adaptive reciprocal contingency,2003-5-3,7,Suspense
Mark Baker,Intuitive heuristic architecture,2018-6-5,84,Documental
Kevin Baker,Networked system-worthy software,2013-2-8,30,Musical
Timothy Hayes,Realigned bifurcated toolset,2008-8-19,24,Accion y aventuras
Nathaniel Stewart,Visionary 24/7 capability,2020-8-19,104,Guerra
Evan Clark,Face-to-face 24/7 structure,2019-10-24,95,Familia
Felicia Garcia,Reverse-engineered local artificial intelligence,2008-8-9,13,Guerra
Debra Green,Automated bandwidth-monitored alliance,2015-7-28,3,Western
Jill Douglas,Reactive 5thgeneration throughput,2010-3-14,28,Familia
Brenda Thomas,Profound well-modulated secured line,2013-10-9,60,Musical
Kelly Woods,Multi-layered well-modulated firmware,2020-5-17,120,Familia
Thomas Hernandez,Triple-buffered encompassing approach,2012-3-27,61,Ciencia ficcion
Cynthia Parsons,Persistent local interface,2015-10-6,30,Suspense
Marcus Kidd,Grass-roots cohesive info-mediaries,2015-8-27,45,Fantasia
Amanda Williams,Balanced eco-centric conglomeration,2003-4-19,41,Familia
Alec Rogers,Re-contextualized background database,2013-10-23,8,Familia
Bryan Brooks,Focused mission-critical archive,2009-2-27,78,Accion y aventuras
Beth Rosales,Team-oriented multimedia ability,2010-11-27,88,Romance
Corey Conner,Team-oriented empowering matrix,2012-2-15,77,Musical
Sean Dixon,Exclusive bottom-line instruction set,2011-10-5,83,Historia
Barbara Smith,Re-engineered context-sensitive superstructure,2013-8-22,87,Deporte
Michelle Roberts,Focused fault-tolerant conglomeration,2007-9-21,46,Animacion
Emily Wu,Re-engineered background array,2001-12-26,16,Comedia
Kimberly Hale,Triple-buffered fault-tolerant task-force,2018-7-7,25,Drama
James Howell,Public-key intangible capacity,2019-5-12,27,Drama
Michele Shea,Reverse-engineered intangible time-frame,2017-9-19,90,Drama
Kelli Collins,Mandatory didactic frame,2002-11-21,70,Guerra
Brittney Palmer,Multi-lateral dedicated portal,2015-5-22,9,Terror
Victor Collins,Profound motivating artificial intelligence,2007-6-5,52,Ciencia ficcion
Catherine Meyer,Fully-configurable real-time matrix,2020-10-17,77,Terror
Marcia Adams,Focused clear-thinking monitoring,2000-1-24,10,Crimen
Christy Trevino,Open-source optimizing paradigm,2018-7-14,29,Animacion
Lauren Flores,Networked static extranet,2009-3-18,114,Terror
Max Charles,Virtual transitional contingency,2016-11-16,1,Guerra
Jeffrey Garrett,Managed contextually-based protocol,2000-2-21,58,Documental
Todd Wells,Vision-oriented radical encoding,2010-5-22,74,Western
Ruth Stevens,Networked hybrid projection,2007-1-12,109,Crimen
Heidi Martin,Realigned 24hour attitude,2018-11-3,25,Animacion
Margaret Wyatt,Team-oriented empowering matrix,2017-10-8,95,Musical
Wesley Larson,Switchable real-time application,2000-2-12,96,Guerra
Michael Bowen,Cloned explicit adapter,2005-4-15,102,Deporte
Michael King,Automated dedicated moratorium,2014-12-3,68,Ciencia ficcion
Victor King,Managed value-added interface,2012-5-17,84,Documental
Christopher Mcbride,Upgradable local superstructure,2019-1-3,11,Documental
Karen Murphy,Front-line attitude-oriented project,2009-1-15,77,Drama
Robert Leon,Synergistic motivating solution,2018-11-8,72,Romance
Shane Martinez,Programmable stable hardware,2007-1-8,24,Suspense
Denise Krueger,Organic upward-trending portal,2013-3-9,4,Historia
Eduardo Hutchinson,Persistent coherent budgetary management,2011-5-8,25,Guerra
Zachary Rivera,Open-architected mission-critical system engine,2009-2-8,83,Comedia
Mrs. Sandra Rogers MD,Reverse-engineered local artificial intelligence,2008-8-2,90,Comedia
Jessica Navarro,Profit-focused context-sensitive flexibility,2003-8-21,79,Suspense
Jared Dominguez,Visionary cohesive middleware,2003-11-17,25,Familia
Kristine Kent,Automated background secured line,2019-10-18,19,Familia
Joseph Sanchez,Diverse composite definition,2014-10-13,25,Fantasia
Timothy Hayes,Up-sized directional analyzer,2006-8-13,109,Familia
Margaret Wyatt,Virtual encompassing task-force,2000-4-5,27,Comedia
Corey Summers,Visionary impactful frame,2009-9-21,76,Documental
Jamie Braun,Persevering motivating product,2005-6-26,1,Guerra
Kevin Edwards,Focused fault-tolerant conglomeration,2009-4-15,91,Fantasia
Christina Conner,Multi-layered human-resource task-force,2019-12-8,87,Western
Barbara Smith,Reduced actuating application,2003-4-4,114,Animacion
Brian Schmidt,Team-oriented directional moratorium,2016-5-7,36,Accion y aventuras
Mr. Jonathan George,Stand-alone 24/7 moratorium,2011-7-23,86,Musical
Gabrielle Morgan,User-friendly logistical frame,2000-10-4,96,Guerra
Michele Alvarado,Compatible zero-defect encryption,2000-2-7,116,Misterio
Andrea Crawford PhD,Diverse next generation moderator,2007-5-3,50,Familia
Andrew Kelly,Synergized interactive core,2019-3-23,27,Accion y aventuras
Kristina Hopkins,De-engineered full-range framework,2007-4-24,116,Fantasia
Carla Zuniga,Fundamental stable challenge,2000-6-24,56,Documental
Susan Hunter,Networked global customer loyalty,2012-1-8,11,Romance
Samantha Callahan,Fundamental multi-state data-warehouse,2008-2-27,28,Fantasia
Evan Sampson,Multi-lateral dedicated portal,2014-9-15,102,Musical
Andrew Kelly,Balanced fresh-thinking adapter,2017-12-9,57,Accion y aventuras
Michael Brown,Re-engineered context-sensitive superstructure,2007-11-15,120,Fantasia
Karen Nelson,Advanced analyzing task-force,2009-6-1,6,Suspense
Crystal Davis,Synergistic non-volatile model,2012-10-25,42,Documental
Mr. Christopher Jones,Visionary impactful frame,2012-9-23,116,Western
Thomas Anderson,Focused clear-thinking monitoring,2002-6-10,112,Suspense
Mason Oliver,Multi-channeled grid-enabled definition,2017-3-16,85,Suspense
Julie Crawford,Object-based scalable algorithm,2008-12-5,68,Documental
Michelle Long,Quality-focused tangible budgetary management,2007-8-17,74,Deporte
Victoria Pennington,Managed solution-oriented analyzer,2006-3-7,99,Familia
Lori Stewart,De-engineered systemic standardization,2009-5-19,39,Romance
Mrs. Nicole Stevens,Compatible optimal forecast,2020-2-15,45,Fantasia
Sarah Marsh,Implemented system-worthy frame,2008-8-21,102,Western
Jill Dunn,Optimized client-server encryption,2010-8-22,54,Guerra
Kristina Hale,Cross-group intermediate archive,2012-3-12,59,Ciencia ficcion
Nicolas Jenkins,Ergonomic client-server policy,2017-7-11,60,Terror
Brandon Nolan,Monitored tertiary moderator,2001-11-21,62,Suspense
Cheryl Berry,Pre-emptive solution-oriented success,2014-1-12,80,Fantasia
Kenneth Jackson,Open-architected optimal standardization,2020-11-5,73,Familia
Erin Farmer,Persevering 6thgeneration paradigm,2015-1-7,25,Misterio
Jon Jones,Advanced radical implementation,2009-10-16,74,Romance
Joseph Sanchez,Cloned explicit adapter,2013-5-20,45,Familia
Debra Warner,Networked directional product,2001-3-15,43,Deporte
Matthew Gray,Profound leadingedge capacity,2011-6-16,7,Musical
David Peterson,Multi-tiered global customer loyalty,2013-7-5,100,Terror
Dr. Vanessa Mitchell,Networked cohesive definition,2008-11-20,9,Animacion
Thomas Huff,Sharable contextually-based installation,2010-8-17,77,Romance
Valerie Jackson,Fundamental discrete encoding,2000-7-6,67,Comedia
David Rodriguez,Polarized impactful workforce,2001-9-21,29,Guerra
Kathleen Diaz,Organized dedicated middleware,2009-11-24,91,Historia
Ashley Moore,Function-based transitional open architecture,2020-11-26,79,Romance
Victoria Walker,Cross-group stable forecast,2012-8-11,99,Romance
Sandra Livingston,Pre-emptive directional structure,2003-11-13,8,Romance
Craig Burnett,Customizable stable approach,2016-2-23,25,Romance
Richard Nguyen,Innovative 24/7 migration,2001-6-25,102,Musical
Jimmy Thomas,Multi-lateral disintermediate budgetary management,2009-11-10,42,Suspense
Jenna Cook,Managed motivating firmware,2008-3-5,80,Misterio
Robert Fischer,Business-focused discrete model,2017-1-19,56,Crimen
David Davis,De-engineered full-range framework,2010-9-11,100,Crimen
Jessica Ward,Up-sized actuating emulation,2006-3-15,14,Suspense
Kelsey Anderson,Total tangible parallelism,2006-1-13,48,Comedia
Kimberly Johnson,Adaptive foreground conglomeration,2001-4-1,22,Misterio
Lisa Walker,Seamless global process improvement,2004-7-6,112,Fantasia
Denise York,Synchronized 5thgeneration middleware,2000-6-6,108,Ciencia ficcion
Kimberly Matthews,Inverse empowering moderator,2011-4-25,9,Deporte
Christine Delgado MD,Function-based 24hour instruction set,2013-2-17,59,Comedia
Jamie Medina,Open-architected transitional instruction set,2014-12-13,62,Familia
Dr. Vanessa Mitchell,Enterprise-wide dedicated moratorium,2019-1-13,38,Accion y aventuras
Dr. Jacqueline Conrad DVM,Diverse fresh-thinking matrix,2001-11-6,113,Documental
Dawn Allen,Grass-roots interactive throughput,2018-3-18,6,Documental
Dana Wilson,Inverse stable product,2005-4-7,96,Misterio
Laura Hood,Team-oriented systematic software,2004-3-13,88,Suspense
Shannon Watson,Pre-emptive non-volatile alliance,2013-1-23,67,Fantasia
Amy Duarte,Reactive background synergy,2015-4-3,80,Documental
Ashley Rogers,Fundamental intermediate alliance,2002-5-7,97,Suspense
Francisco Curry,Total local capacity,2006-10-27,87,Deporte
Daniel Sparks,Polarized composite data-warehouse,2005-7-22,29,Musical
Michael Brown,Exclusive background Local Area Network,2004-1-11,16,Terror
Jacob Butler,Optional systemic standardization,2000-6-19,59,Animacion
William Cox,Operative disintermediate Graphical User Interface,2010-11-8,32,Western
Tyler Avila,Cloned cohesive collaboration,2007-3-23,92,Western
Gregory Briggs,Seamless modular pricing structure,2017-10-2,45,Historia
Autumn Cervantes,Streamlined modular parallelism,2014-11-11,117,Guerra
Lori Murphy,Right-sized optimal conglomeration,2007-2-26,84,Fantasia
Eric Huffman,Open-architected 24/7 software,2005-2-24,42,Historia
Brooke Webb,Stand-alone value-added function,2002-11-1,85,Animacion
Brianna Robinson,Total local capacity,2003-6-6,50,Animacion
Barbara Carson,Versatile global utilization,2006-9-1,30,Crimen
Debra Black,Extended zero-defect adapter,2019-1-24,95,Historia
Mrs. Jennifer Brown,Multi-lateral dedicated portal,2007-6-13,52,Suspense
Trevor Rogers,Optimized client-server encryption,2009-12-10,68,Familia
Teresa Hughes,Quality-focused object-oriented synergy,2000-1-3,1,Musical
Stephen Gregory,Sharable static structure,2009-8-16,9,Suspense
Amy Zimmerman,Down-sized exuding groupware,2005-3-6,93,Guerra
Shannon Smith,Customizable stable approach,2007-1-17,84,Accion y aventuras
Kathleen Reeves,Integrated logistical instruction set,2009-2-23,31,Crimen
Emily Bush,Operative non-volatile toolset,2000-7-14,84,Accion y aventuras
Alexis Baker,Re-contextualized impactful flexibility,2003-4-18,65,Guerra
Valerie Ross,Reactive logistical workforce,2018-12-26,75,Accion y aventuras
Darrell Mitchell,Programmable encompassing support,2005-6-19,76,Misterio
Jane Smith,Reduced multi-state system engine,2004-6-7,96,Drama
Kristi Long,Re-engineered context-sensitive superstructure,2010-10-15,28,Western
Ashley Walker,Focused hybrid knowledge user,2000-6-19,68,Documental
Jimmy Griffin,Implemented value-added emulation,2007-11-1,93,Animacion
Rebecca Bryant,Ergonomic tertiary adapter,2000-9-9,25,Romance
Michael Butler,Enterprise-wide system-worthy help-desk,2005-3-17,50,Misterio
Chad Harrison,Mandatory zero tolerance encoding,2020-2-2,97,Deporte
Angela Nichols,Re-contextualized asymmetric collaboration,2008-7-10,36,Western
Jessica Walters,Multi-lateral dedicated neural-net,2019-8-5,43,Romance
Tamara Whitney,Enterprise-wide optimizing function,2002-12-27,6,Ciencia ficcion
Monica Mccormick,Cross-group directional definition,2008-3-8,50,Drama
Kelly Scott,Reverse-engineered non-volatile support,2010-4-7,67,Guerra
Michele Williams,Open-architected context-sensitive approach,2013-1-20,110,Animacion
Anthony Hayes,Seamless modular pricing structure,2000-8-10,30,Ciencia ficcion
Jennifer Lewis,Customer-focused human-resource migration,2015-6-11,15,Accion y aventuras
Stacy Burnett,Ameliorated mission-critical Internet solution,2005-3-16,113,Deporte
Kristin Shepard,Intuitive 5thgeneration neural-net,2017-5-3,36,Romance
Terry Huynh,Up-sized optimizing approach,2014-9-23,38,Western
Laura Johnson,Customizable bi-directional policy,2006-2-17,13,Familia
David Ayala,Focused clear-thinking monitoring,2016-8-20,24,Suspense
Sara Mccarthy,Reverse-engineered fresh-thinking extranet,2016-7-19,81,Animacion
Kim Singh,Versatile asymmetric array,2014-3-22,77,Western
Lauren Olson,Assimilated human-resource strategy,2020-4-6,12,Historia
Rachael Scott,Configurable transitional product,2020-12-21,11,Ciencia ficcion
Samantha Moore,Synchronized tangible projection,2000-3-6,86,Accion y aventuras
Corey Summers,Operative grid-enabled frame,2004-11-6,4,Accion y aventuras
Derrick Wong,Balanced local support,2012-8-26,100,Deporte
Angela Whitney,Organized dedicated middleware,2002-12-14,66,Western
Wesley Larson,Implemented system-worthy frame,2003-2-28,6,Musical
Brian Brewer,Profound eco-centric portal,2020-10-20,104,Drama
Laura Romero,Public-key value-added policy,2020-5-20,15,Fantasia
Amy Pitts,Networked cohesive definition,2001-3-16,10,Guerra
David Martin,Business-focused encompassing utilization,2011-3-2,68,Suspense
Valerie Garcia,Seamless modular pricing structure,2003-11-7,64,Historia
Monica Mccormick,Balanced eco-centric conglomeration,2016-12-24,43,Western
Angela Moore,Re-engineered background array,2014-8-27,20,Accion y aventuras
Tina Tran,Switchable upward-trending migration,2019-11-25,62,Historia
Kristy Stein,Team-oriented background model,2017-7-5,16,Accion y aventuras
Kevin Sullivan,Automated discrete definition,2007-2-17,91,Documental
Dana Smith,Sharable dynamic Local Area Network,2020-9-15,86,Suspense
Jose Henry,Sharable 5thgeneration collaboration,2006-9-24,74,Misterio
Elizabeth Johnson,Triple-buffered dedicated archive,2004-4-22,98,Comedia
James Bush,Adaptive reciprocal contingency,2019-6-24,48,Suspense
Emily Stephens,Profit-focused asymmetric instruction set,2013-3-4,58,Romance
Lisa Jones,Sharable static structure,2007-1-5,111,Ciencia ficcion
Dawn Benson,Streamlined dedicated structure,2018-4-12,17,Western
Natalie Diaz,Diverse next generation initiative,2020-6-1,47,Misterio
Lisa Howard,Right-sized uniform encoding,2016-3-4,22,Drama
Darren Padilla,Visionary 24/7 capability,2006-4-23,104,Romance
Madison Bradley,Profound bifurcated flexibility,2009-3-8,9,Ciencia ficcion
Michael Thompson,Balanced local support,2014-2-11,76,Accion y aventuras
Alexa Fry,Optional composite Local Area Network,2006-11-28,65,Documental
James Larson,Devolved hybrid toolset,2016-4-7,72,Animacion
Dr. James Chapman PhD,User-friendly 5thgeneration approach,2005-5-19,43,Comedia
Natalie Keith,Polarized disintermediate leverage,2007-4-6,28,Drama
Sean Dixon,Customer-focused human-resource migration,2018-1-7,5,Ciencia ficcion
Mario Brown,Profit-focused upward-trending frame,2019-1-2,61,Western
Angela Morris,Multi-tiered high-level architecture,2014-10-11,104,Musical
Ruth Stevens,Intuitive fault-tolerant intranet,2004-11-23,76,Suspense
Christopher Long,Public-key scalable portal,2019-9-6,11,Animacion
Madison Phillips,Devolved object-oriented info-mediaries,2001-11-19,29,Ciencia ficcion
Cody Martinez,Cloned demand-driven functionalities,2017-11-7,26,Documental
Emily Marquez,Reduced empowering customer loyalty,2006-8-16,13,Musical
Pam Long,Stand-alone methodical interface,2013-12-3,34,Suspense
Donna Rodriguez,Front-line analyzing hierarchy,2008-6-27,2,Western
John Mcbride,Assimilated tangible process improvement,2020-12-22,42,Accion y aventuras
Hailey Alvarez,Visionary impactful frame,2007-6-14,4,Historia
Nicholas Smith,Enhanced foreground process improvement,2012-12-12,107,Historia
Jennifer Henry,Team-oriented empowering matrix,2007-3-18,25,Romance
Jacob Peters,Synchronized 5thgeneration middleware,2016-8-18,3,Crimen
Amy Graham,Triple-buffered bi-directional extranet,2020-4-6,102,Documental
Lauren Kim,Sharable attitude-oriented attitude,2005-3-27,100,Suspense
Eric Gutierrez,Expanded zero administration architecture,2019-2-25,21,Suspense
Sophia Holmes,Extended coherent neural-net,2010-3-13,30,Historia
Denise York,Assimilated zero-defect analyzer,2006-10-27,103,Musical
Kimberly Johnson,Virtual disintermediate moderator,2013-1-16,17,Suspense
Steven Irwin,Inverse analyzing help-desk,2011-8-6,73,Western
Tony Taylor,Devolved hybrid toolset,2000-6-10,7,Accion y aventuras
Nicholas Ramirez,Cloned radical firmware,2006-10-4,86,Drama
Michael Bray,Customer-focused asynchronous middleware,2014-9-25,7,Ciencia ficcion
Joseph Smith,Reactive 5thgeneration throughput,2016-1-7,62,Terror
David Williams,Future-proofed systemic middleware,2003-11-15,17,Guerra
Susan Ramirez,Centralized transitional policy,2001-10-26,90,Crimen
David Valencia,Public-key optimal process improvement,2001-6-16,40,Drama
Gary Williams,Digitized directional focus group,2011-12-11,114,Deporte
Kelly Arnold,Customizable regional contingency,2013-6-26,37,Crimen
Mrs. Wendy Diaz MD,Grass-roots interactive throughput,2007-4-6,8,Historia
James King,Intuitive local budgetary management,2016-10-13,20,Drama
Kimberly Holmes,Customizable scalable intranet,2011-6-9,27,Familia
Paula Ali,Networked asymmetric initiative,2010-10-4,41,Historia
William Ellis,Sharable client-server project,2002-12-2,65,Drama
Mark Patton,Organic scalable artificial intelligence,2002-12-8,84,Western
Teresa Robinson,Face-to-face background conglomeration,2013-8-13,54,Historia
Tyler Williams,Realigned motivating throughput,2004-1-23,103,Animacion
Emily Lawson,Realigned local attitude,2020-2-1,45,Drama
Angela Morris,Mandatory high-level moratorium,2007-4-3,38,Terror
Ashley Moore,Synergistic motivating solution,2018-3-2,113,Western
Donna Gonzalez,Enhanced zero-defect firmware,2010-3-25,100,Drama
Kristin Franklin,Enterprise-wide bi-directional definition,2014-3-7,91,Historia
Trevor Rogers,Organic systematic application,2020-10-14,39,Comedia
Amanda Goodman,Focused mission-critical archive,2013-10-26,1,Suspense
Karen Baldwin,Fundamental methodical projection,2020-4-7,41,Ciencia ficcion
April Nelson,Adaptive reciprocal contingency,2011-2-24,45,Familia
Erin Harris,Re-engineered 5thgeneration matrix,2003-11-3,28,Romance
Jennifer Bennett,Streamlined interactive circuit,2005-9-22,76,Ciencia ficcion
Daniel Marshall,Multi-lateral dedicated portal,2018-2-24,53,Comedia
Kevin Morris,Optimized motivating system engine,2017-11-23,98,Suspense
Anthony Guerrero,Devolved encompassing productivity,2013-1-13,39,Familia
John Mcintosh,Ameliorated explicit intranet,2009-4-27,52,Historia
Jason Lopez,Extended coherent neural-net,2019-10-18,4,Accion y aventuras
Heidi Martin,Right-sized upward-trending solution,2019-12-16,85,Guerra
Eric Lowe,Universal hybrid policy,2003-10-28,54,Crimen
Carol Parker,Face-to-face regional capacity,2011-1-28,36,Musical
Mary Bryant,Centralized optimal functionalities,2017-2-28,100,Animacion
Debra Green,Profound well-modulated secured line,2013-11-6,6,Musical
Kevin Novak,Persistent client-server artificial intelligence,2012-7-12,81,Comedia
Tyler Walters,User-centric multimedia concept,2016-3-26,45,Western
Kelly Mendoza,Visionary logistical structure,2000-6-3,30,Misterio
Jeremy Collins,Total 24/7 time-frame,2013-8-19,112,Terror
Paula Cooper,Customer-focused needs-based portal,2002-3-20,29,Familia
Kristen Harrison,Progressive zero-defect pricing structure,2017-9-22,23,Documental
Bradley Turner,Seamless encompassing encoding,2011-4-1,109,Accion y aventuras
Angela Torres,Quality-focused contextually-based structure,2009-10-24,63,Musical
Joyce Hampton,Function-based full-range emulation,2011-11-2,56,Animacion
Angela Nichols,Balanced fresh-thinking adapter,2010-2-8,71,Fantasia
Kevin Baker,Sharable contextually-based installation,2016-3-18,41,Guerra
Brian Johnson,Customer-focused fault-tolerant function,2000-5-18,37,Misterio
Carmen Castillo,Visionary high-level conglomeration,2008-5-9,72,Terror
Erin Jacobs,Assimilated tangible process improvement,2002-9-20,23,Documental
Christopher Medina,Synergistic non-volatile model,2006-9-22,42,Animacion
David Martinez,Right-sized upward-trending solution,2018-2-4,18,Historia
Nicholas Serrano,Sharable composite info-mediaries,2001-12-27,2,Romance
Amanda Wheeler,Intuitive local budgetary management,2016-7-10,104,Terror
Timothy Jones,Pre-emptive disintermediate archive,2006-1-14,40,Romance
Michelle Spencer,Visionary impactful frame,2010-12-13,45,Comedia
Dennis Glover,Digitized static product,2000-3-8,26,Historia
Denise Edwards,Organic scalable artificial intelligence,2002-1-12,44,Suspense
Jennifer Johnson,Compatible secondary architecture,2006-10-12,82,Documental
Kevin Perry,Pre-emptive directional structure,2010-12-27,98,Familia
Andrea Little,Profit-focused system-worthy solution,2014-10-24,112,Guerra
Christine Murray,Expanded explicit workforce,2014-11-27,109,Western
Sarah Bryan,Cross-platform high-level matrix,2002-7-11,84,Accion y aventuras
James Burgess,Team-oriented homogeneous firmware,2003-10-12,56,Comedia
Johnny Andersen,Polarized local utilization,2013-8-27,65,Misterio
Connie Allen,Open-architected 24/7 software,2006-5-24,28,Comedia
Eric Ramsey,Sharable static structure,2010-1-11,45,Misterio
Robert Travis,Fully-configurable real-time matrix,2009-5-23,76,Documental
Elizabeth Smith,Focused fault-tolerant conglomeration,2005-3-27,89,Suspense
Morgan Miller,Profound hybrid capacity,2004-6-12,13,Historia
Brian Johnson,Customizable secondary support,2000-8-16,85,Suspense
Thomas Harrell,De-engineered modular system engine,2006-4-20,97,Familia
Kelly Norris,Fundamental discrete encoding,2005-1-21,8,Drama
Jack Estrada,Visionary full-range superstructure,2000-4-15,12,Animacion
Dr. Nicole Hughes MD,Streamlined bottom-line hierarchy,2010-5-7,84,Suspense
Jimmy Thomas,User-friendly uniform application,2016-8-5,72,Ciencia ficcion
Courtney Miller,Customizable 5thgeneration process improvement,2001-7-21,26,Drama
Dawn Allen,Business-focused executive parallelism,2017-6-18,86,Terror
Christopher Morales,Triple-buffered actuating initiative,2008-11-12,58,Familia
Deanna Leon,Networked system-worthy software,2015-9-6,11,Fantasia
Erica Sanchez,Automated system-worthy website,2019-3-26,20,Animacion
Reginald Walker,Right-sized full-range core,2004-11-14,22,Accion y aventuras
Gabrielle Morgan,Managed heuristic strategy,2008-10-23,68,Ciencia ficcion
Rhonda White,Progressive homogeneous extranet,2008-2-16,87,Animacion
Elaine Meyer,Extended zero-defect adapter,2019-9-4,62,Historia
Shelley Johnson,Face-to-face regional capacity,2000-9-5,63,Animacion
Catherine Meyer,Profound systematic project,2003-10-14,82,Misterio
Jessica Cruz DVM,Focused content-based intranet,2013-4-12,68,Guerra
Tiffany Watson,Advanced bottom-line structure,2000-7-26,98,Historia
Eric Maxwell,User-centric neutral firmware,2012-5-21,102,Comedia
Bryan Baldwin,Self-enabling dedicated customer loyalty,2003-7-2,51,Fantasia
Casey Padilla,De-engineered well-modulated analyzer,2004-12-8,12,Western
Melissa Johnson,Polarized disintermediate leverage,2000-5-20,39,Terror
Bruce Brown,Open-architected explicit toolset,2010-12-26,14,Historia
Jenna Cook,Implemented eco-centric productivity,2020-8-21,110,Romance
Kayla Combs,De-engineered well-modulated analyzer,2006-2-3,69,Historia
Scott Harris,Re-contextualized intermediate paradigm,2005-5-9,39,Guerra
Robin Diaz,Cloned foreground approach,2001-8-16,115,Terror
Adam Price MD,Fully-configurable homogeneous forecast,2003-7-24,70,Musical
Matthew Simpson,Progressive scalable frame,2008-4-3,63,Crimen
Deanna Jenkins,Customizable scalable intranet,2006-9-12,72,Comedia
Joshua Silva,Future-proofed local productivity,2012-4-15,15,Deporte
Stephanie Smith,Up-sized optimizing approach,2008-9-25,89,Deporte
Robert Reese,Intuitive national support,2020-6-23,88,Accion y aventuras
Jason Reynolds,Down-sized exuding groupware,2016-12-1,31,Familia
Lisa Hernandez,Implemented holistic array,2013-5-27,105,Suspense
Christopher Grant,User-centric multimedia concept,2006-6-23,45,Historia
Kathleen Garcia,Polarized solution-oriented concept,2012-4-20,10,Drama
Corey Summers,Up-sized directional analyzer,2004-1-2,52,Terror
Mr. Jacob Torres,Down-sized eco-centric paradigm,2012-4-24,18,Fantasia
Natasha Adams,Reverse-engineered holistic software,2006-9-2,19,Comedia
Mrs. Krystal Sanchez,Front-line dedicated infrastructure,2016-6-18,31,Misterio
Andrew Johnston,Assimilated multimedia parallelism,2019-12-14,97,Ciencia ficcion
Amber Jones,Front-line demand-driven system engine,2013-1-15,84,Romance
John Cox,De-engineered analyzing success,2018-1-26,77,Accion y aventuras
Rebecca Salazar,Extended multi-state moderator,2006-1-5,57,Ciencia ficcion
Richard Pierce,User-centric radical workforce,2019-7-15,28,Fantasia
Jeremiah Allen,Multi-lateral directional throughput,2007-7-22,93,Suspense
Lauren Ball,Enterprise-wide system-worthy help-desk,2007-8-10,67,Western
Donna Castro,Profound bifurcated flexibility,2008-4-28,10,Guerra
Jessica Watson,Profit-focused context-sensitive flexibility,2000-7-27,56,Accion y aventuras
Thomas Anderson,Triple-buffered dedicated archive,2009-11-23,104,Crimen
Kim Briggs,Ameliorated mission-critical Internet solution,2005-1-15,51,Comedia
Dr. Frank Martin DVM,Fully-configurable mission-critical Graphic Interface,2001-7-24,108,Western
Linda James,Re-engineered background array,2017-1-10,48,Fantasia
Brittany Jones,Balanced full-range synergy,2008-12-21,15,Western
Claudia Guerra,Exclusive intangible database,2000-5-16,54,Comedia
Raymond Calderon,Synergized interactive core,2005-12-18,22,Drama
Dustin Dunn,Fundamental bifurcated array,2003-11-24,34,Musical
Darlene Harper,Visionary logistical structure,2002-8-3,112,Animacion
Kelly Brown,Open-source heuristic focus group,2008-12-24,69,Crimen
Erika Wu,Right-sized executive productivity,2019-7-20,6,Historia
Jamie Duran,Face-to-face even-keeled collaboration,2009-3-14,14,Accion y aventuras
Melissa Meyer,Centralized client-server superstructure,2014-8-12,75,Documental
Kayla Barnes,Multi-lateral dedicated portal,2011-4-3,52,Historia
Nicholas Johnson,Cloned executive moratorium,2008-2-24,89,Musical
Tina Bean,Focused client-driven orchestration,2006-7-12,60,Crimen
Julie Hart,Mandatory zero tolerance encoding,2015-12-6,94,Fantasia
Pam Powell,Open-source optimizing paradigm,2001-1-17,97,Misterio
Cassandra Le,Object-based non-volatile paradigm,2009-10-3,70,Historia
Taylor Arnold,Cross-platform high-level matrix,2019-8-11,32,Ciencia ficcion
Tina Combs,Fundamental hybrid strategy,2018-4-20,63,Accion y aventuras
Nicole Neal,Exclusive uniform success,2008-3-16,38,Ciencia ficcion
Suzanne Woodard,Multi-lateral disintermediate budgetary management,2020-9-20,33,Terror
Brianna Gonzales,Down-sized eco-centric paradigm,2008-5-1,31,Suspense
Shannon Maxwell,Digitized bifurcated model,2011-12-4,57,Fantasia
Brenda Cole,Persistent heuristic strategy,2018-3-16,77,Terror
Eduardo Hutchinson,Implemented bottom-line budgetary management,2007-5-27,106,Misterio
Bridget White,Business-focused tertiary challenge,2000-8-8,22,Deporte
Lisa Thomas,Balanced full-range synergy,2016-1-11,99,Comedia
Bradley Turner,Streamlined scalable service-desk,2014-11-18,89,Guerra
Andrew Turner,Re-engineered uniform customer loyalty,2019-10-10,82,Misterio
Lori Stewart,User-centric multimedia concept,2012-2-12,63,Deporte
Sarah Bowman,Open-source radical portal,2002-7-13,1,Comedia
Robert Leon,Streamlined multi-tasking framework,2002-12-15,72,Romance
Terry Huynh,Inverse 6thgeneration collaboration,2019-3-3,114,Deporte
Andrew Patterson,Realigned systemic info-mediaries,2003-7-17,57,Documental
Ryan Campbell III,Right-sized tertiary encryption,2019-9-13,69,Terror
Dr. Renee Watson,Versatile upward-trending forecast,2003-6-19,42,Animacion
Todd Rios,User-friendly 5thgeneration approach,2015-9-23,89,Guerra
Denise Pitts,Switchable homogeneous initiative,2014-10-17,36,Guerra
Dr. Vanessa Mitchell,Grass-roots intermediate project,2001-5-20,80,Animacion
Kathleen Garcia,Customer-focused value-added algorithm,2015-9-15,52,Ciencia ficcion
Benjamin Lee,Public-key scalable portal,2014-7-23,27,Documental
Amy Massey,Enterprise-wide optimizing function,2010-6-26,3,Terror
Christopher Brown,Polarized local utilization,2008-7-12,94,Ciencia ficcion
Peter Long,Profound impactful strategy,2004-4-5,25,Musical
Anne Neal,Mandatory holistic collaboration,2000-2-11,66,Crimen
Keith Hunt,Function-based methodical matrices,2002-9-22,51,Deporte
Tanner Guerra,Automated tangible orchestration,2002-7-6,95,Ciencia ficcion
Amy Graham,Open-source optimal utilization,2005-8-11,22,Misterio
Heidi Figueroa,Enterprise-wide 3rdgeneration process improvement,2012-11-9,81,Terror
Jamie Smith,Implemented transitional leverage,2006-9-3,57,Ciencia ficcion
Dr. Steven Mann,Optional composite Local Area Network,2005-6-5,60,Suspense
Jessica Foster,Polarized disintermediate leverage,2004-8-28,46,Misterio
Nathaniel Terrell,Multi-layered encompassing website,2015-5-7,49,Fantasia
Denise Kelley,Public-key systemic methodology,2011-6-1,10,Drama
Matthew Shaw DDS,Compatible holistic service-desk,2009-2-27,48,Historia
Brianna Smith,Reactive interactive structure,2014-12-26,67,Familia
Ashley Ross,Synergistic clear-thinking initiative,2016-7-20,20,Guerra
Vanessa Ortiz,Public-key value-added policy,2020-1-22,111,Documental
Jennifer Sanchez,Polarized local utilization,2017-7-26,108,Historia
Robert Lee,Customizable 5thgeneration process improvement,2008-10-25,36,Misterio
Dawn Barnes,Virtual asymmetric policy,2019-1-13,103,Western
Patricia Murray,Multi-lateral directional throughput,2009-10-8,33,Crimen
Ryan White,Visionary dynamic moratorium,2019-1-21,62,Terror
Rhonda Anderson,Customizable dynamic utilization,2008-9-13,63,Animacion
Rachel Cox MD,Down-sized exuding groupware,2015-5-20,43,Comedia
Valerie Choi,Fully-configurable responsive matrix,2018-9-28,90,Accion y aventuras
Elizabeth Torres,Multi-channeled 5thgeneration orchestration,2018-2-28,9,Guerra
Sergio Jones,Organized neutral ability,2004-6-9,84,Deporte
Amy Crosby,Distributed next generation focus group,2009-12-7,34,Accion y aventuras
Trevor Russell,Versatile cohesive portal,2008-4-3,45,Familia
Amanda Hester,Balanced high-level solution,2011-12-20,87,Animacion
Samuel Jackson,Implemented value-added emulation,2009-9-1,57,Documental
Miguel Jacobs,Streamlined scalable service-desk,2012-5-5,17,Misterio
Mary Williams,Centralized logistical emulation,2020-11-8,17,Western
Jeffery Dougherty,Self-enabling cohesive artificial intelligence,2020-1-14,73,Suspense
Joseph Murphy,Innovative executive toolset,2012-7-18,72,Fantasia
Sean Hernandez,Team-oriented optimal analyzer,2007-8-13,56,Deporte
Marisa Martinez,Virtual transitional contingency,2001-2-17,13,Drama
Theresa Glover,Re-contextualized heuristic hardware,2017-8-14,70,Crimen
Marie Cole,Configurable maximized algorithm,2018-7-15,2,Suspense
Michael Johnson,Team-oriented web-enabled toolset,2002-3-28,53,Guerra
Nathan Collins,Cloned clear-thinking throughput,2018-9-7,43,Romance
Michele Williams,Reactive regional Local Area Network,2014-10-20,24,Documental
Thomas Williams,Expanded heuristic initiative,2011-10-13,114,Misterio
Samuel Williams,Virtual non-volatile workforce,2013-6-1,118,Deporte
Mary Perez,Fully-configurable homogeneous forecast,2001-2-22,93,Fantasia
Tracey Jones,Optional systemic standardization,2002-4-23,3,Misterio
Kelsey Herring,Profound motivating artificial intelligence,2017-1-10,69,Accion y aventuras
Richard Long,Focused hybrid knowledge user,2005-1-24,115,Fantasia
Sally Roberts,Automated national groupware,2004-4-23,35,Accion y aventuras
Amy Harmon,Multi-lateral composite process improvement,2002-1-27,12,Misterio
Marcus Nichols,Profound real-time neural-net,2007-9-27,7,Comedia
Robyn Short,Optimized attitude-oriented parallelism,2001-12-1,112,Ciencia ficcion
Jeffrey Garrett,Versatile cohesive portal,2004-10-11,53,Documental
Tyler Allen,Pre-emptive clear-thinking system engine,2007-1-3,102,Romance
Sarah Brown,Synergistic upward-trending Local Area Network,2000-11-4,88,Deporte
Marcus Kidd,Phased tangible intranet,2004-11-20,26,Guerra
Elizabeth Johnson,Implemented system-worthy frame,2002-11-25,40,Historia
Brandon Brennan,Customizable 6thgeneration definition,2003-5-1,66,Ciencia ficcion
Todd Robertson,Switchable 24/7 structure,2019-5-13,63,Comedia
Christopher Haynes,Polarized responsive ability,2008-5-8,48,Suspense
Connie Stokes,Reverse-engineered holistic software,2009-7-13,22,Musical
Stacey Macdonald,Expanded systemic policy,2002-10-27,46,Crimen
Cheryl Fernandez,Customizable contextually-based protocol,2006-2-10,59,Guerra
Melissa Larsen,Versatile hybrid application,2006-11-23,22,Accion y aventuras
Shannon Flynn,Progressive next generation matrices,2005-3-25,94,Western
Keith Park,Intuitive local budgetary management,2015-11-16,28,Suspense
Karen Brown,Pre-emptive multi-state benchmark,2001-12-2,79,Fantasia
Rhonda Anderson,Organized high-level Graphic Interface,2011-12-9,77,Familia
Lee Harmon,Enhanced 3rdgeneration attitude,2010-9-18,12,Comedia
Connie Johnson,Configurable multi-state algorithm,2007-3-19,86,Accion y aventuras
Jacob Johnson,Horizontal uniform support,2015-2-4,84,Musical
Michael Thomas,Optimized client-server encryption,2004-11-7,117,Comedia
Alice Smith,Reverse-engineered local artificial intelligence,2003-6-13,93,Animacion
Michelle Lopez,Versatile upward-trending forecast,2020-7-10,114,Deporte
Karen Murphy,Centralized didactic middleware,2020-3-19,33,Suspense
Amanda Ramos,Secured neutral open architecture,2015-3-23,103,Misterio
Brian Johnson,Optimized motivating system engine,2014-1-22,71,Crimen
Andrew Turner,Function-based asynchronous budgetary management,2000-9-2,106,Guerra
Doris Ortega,Stand-alone uniform capability,2016-7-24,69,Ciencia ficcion
Christine Wood,Networked explicit functionalities,2018-11-27,7,Western
Taylor Arnold,Streamlined homogeneous benchmark,2014-8-7,27,Guerra
Anthony Martin,Profit-focused system-worthy solution,2002-8-2,23,Familia
Joseph Cantrell,Quality-focused client-server structure,2020-10-12,28,Deporte
Janet Ross,Triple-buffered dedicated archive,2017-9-6,65,Romance
Anthony Hoffman,Synchronized system-worthy throughput,2013-10-20,90,Western
Matthew Burke Jr.,Realigned scalable core,2006-3-2,67,Familia
Matthew Pena,Cross-platform foreground projection,2014-6-19,33,Guerra
Amanda Williamson,Enterprise-wide directional intranet,2015-7-4,53,Guerra
Todd Solis,Persistent coherent budgetary management,2006-5-22,101,Deporte
Bryan Alexander,Networked mobile migration,2014-9-2,17,Deporte
Jennifer Cervantes,Re-engineered even-keeled middleware,2020-9-27,50,Drama
Donna Daniel,Balanced high-level solution,2015-5-6,7,Familia
Sara Price,Adaptive foreground conglomeration,2011-2-15,49,Familia
Robert Meyers,Devolved cohesive function,2012-8-17,117,Accion y aventuras
Kristy Stein,Fully-configurable intangible artificial intelligence,2003-6-20,95,Comedia
Benjamin Hawkins,Organic systematic application,2013-6-22,86,Familia
Nicole Schultz,Public-key value-added policy,2012-11-27,92,Comedia
David Cohen,Upgradable national concept,2006-2-3,116,Familia
Mason Oliver,Compatible demand-driven help-desk,2012-1-26,44,Western
Shane Gonzales,Up-sized directional analyzer,2012-7-26,98,Terror
Keith Hunt,Innovative heuristic circuit,2012-7-20,53,Guerra
Tanya Goodwin,Open-architected context-sensitive approach,2018-7-20,111,Familia
Jeremy Murphy,Profound impactful strategy,2014-11-24,74,Deporte
Julie Lane,Multi-channeled dynamic monitoring,2004-6-27,59,Familia
Jillian Payne,Open-source heuristic focus group,2001-5-10,22,Drama
Christopher Haney,Polarized next generation circuit,2004-3-7,102,Terror
William Phillips,Right-sized uniform encoding,2010-10-28,90,Fantasia
Rebekah Miller,Total next generation encoding,2009-5-14,1,Terror
Tyler Allen,Inverse stable array,2017-8-12,44,Misterio
Derrick Hampton,Optimized attitude-oriented parallelism,2007-4-22,113,Guerra
Misty Mckenzie,Persevering 6thgeneration paradigm,2008-3-23,24,Misterio
Eddie Quinn,Centralized interactive alliance,2003-9-22,76,Animacion
Michelle Johnson,Persistent coherent budgetary management,2017-6-7,72,Crimen
Ethan Richards,Centralized encompassing encoding,2010-7-1,28,Historia
Eric Rodriguez,Networked disintermediate success,2010-3-7,48,Fantasia
Carol Sanders,Total tangible parallelism,2000-1-24,118,Drama
Robert Richardson,Enhanced zero-defect firmware,2000-5-17,82,Western
David Williams,Advanced analyzing task-force,2018-11-11,62,Familia
David Cohen,Grass-roots impactful orchestration,2010-5-22,90,Crimen
Cory Harrison,Up-sized regional intranet,2007-11-13,85,Documental
Timothy Richardson,Operative regional open system,2018-11-21,67,Guerra
Darlene Smith,Devolved real-time initiative,2006-11-10,85,Animacion
Angela Myers,Ameliorated disintermediate ability,2006-12-15,84,Crimen
David Romero,Progressive scalable frame,2019-7-18,72,Crimen
Emily Cooper,Customizable grid-enabled definition,2011-8-9,120,Ciencia ficcion
Evan Sampson,Balanced systemic methodology,2019-8-5,92,Documental
Kayla Combs,Intuitive 5thgeneration neural-net,2017-4-19,105,Western
James Burgess,Up-sized high-level encoding,2015-7-7,106,Western
Dr. Lauren Young,Upgradable encompassing middleware,2006-7-4,20,Drama
Robert Collins,Integrated human-resource function,2018-5-19,80,Musical
Laura Herrera,Multi-layered 24/7 Graphic Interface,2002-4-13,118,Romance
Nicole Henderson,Networked local support,2010-4-19,66,Accion y aventuras
Kelly Willis,Centralized needs-based open architecture,2014-1-24,11,Western
Nancy Park,Versatile global utilization,2017-8-16,17,Accion y aventuras
Shannon Harris,Optional hybrid website,2007-10-8,53,Documental
Brittany Freeman,Organic full-range artificial intelligence,2016-10-15,99,Documental
Tamara Lewis,Secured transitional architecture,2016-2-15,94,Animacion
Ricardo Schaefer,Advanced leadingedge encryption,2013-2-20,5,Deporte
Ronald Lee,Operative disintermediate Graphical User Interface,2008-11-11,23,Musical
Michael Hall,User-centric upward-trending data-warehouse,2010-7-15,62,Suspense
Meagan Clark,Organized neutral ability,2017-3-12,119,Misterio
Ivan Carter,Function-based multi-state conglomeration,2009-4-8,69,Crimen
Joseph Brown,Vision-oriented zero-defect intranet,2013-11-1,56,Documental
Joseph Brown,Advanced 3rdgeneration migration,2009-2-11,75,Terror
Michele Shea,Profound needs-based parallelism,2010-11-22,101,Western
Michelle Johnson,Multi-lateral dedicated functionalities,2001-1-24,64,Deporte
Michael Hawkins,De-engineered modular database,2020-7-16,76,Comedia
Lauren Moreno,Distributed eco-centric productivity,2003-10-9,40,Romance
Jennifer Fisher,Pre-emptive grid-enabled migration,2008-5-8,35,Comedia
Philip Sharp,Advanced 3rdgeneration migration,2006-10-15,64,Guerra
Michael Terry,De-engineered heuristic definition,2009-7-21,17,Drama
Patrick Martin,Team-oriented zero-defect solution,2007-1-10,70,Romance
Michael Trujillo,Balanced 5thgeneration pricing structure,2000-10-6,40,Suspense
Diana Russell,Implemented 3rdgeneration open architecture,2012-3-6,110,Ciencia ficcion
Kristi Long,Digitized contextually-based array,2000-3-20,34,Deporte
Sara Chavez,Programmable holistic hierarchy,2015-7-27,114,Animacion
Luis Miranda,Advanced next generation contingency,2008-5-8,31,Familia
Isaiah Matthews,Robust clear-thinking paradigm,2019-2-2,52,Drama
Dr. Alexandra Silva MD,Inverse maximized definition,2018-9-16,103,Comedia
Michael Brown,Virtual interactive process improvement,2005-7-5,17,Fantasia
Kenneth Jackson,Seamless multimedia system engine,2001-9-8,14,Accion y aventuras
Edward Perez,Team-oriented optimal analyzer,2013-4-25,57,Guerra
Danny Lopez,User-centric neutral firmware,2014-7-17,62,Musical
Zachary Castillo,Multi-lateral 6thgeneration contingency,2004-4-17,20,Fantasia
David Mccoy,Networked value-added benchmark,2011-12-8,20,Familia
Chase Gonzalez,Pre-emptive static approach,2001-9-20,95,Historia
Courtney Guerra,User-centric multimedia leverage,2005-8-24,39,Drama
Kaitlyn Rogers,Public-key grid-enabled secured line,2000-10-25,95,Documental
Evan Clark,Phased tangible intranet,2009-6-28,19,Musical
Dr. Deborah Petty MD,Sharable static structure,2002-11-22,59,Guerra
Ryan Martin,Stand-alone methodical interface,2019-7-21,109,Fantasia
Jennifer Robinson,Multi-tiered high-level architecture,2010-12-13,75,Guerra
Michelle Glass,Seamless encompassing encoding,2015-1-21,45,Terror
Alicia Patrick DVM,User-friendly holistic application,2013-2-11,67,Crimen
Robert Smith,Fundamental intangible leverage,2008-2-18,108,Drama
Dr. Gloria Mcclain,Vision-oriented tangible flexibility,2017-12-23,110,Documental
Melinda Merritt,Intuitive hybrid process improvement,2011-2-28,20,Comedia
Philip Smith,Multi-layered encompassing website,2001-11-5,114,Drama
Michael Davila,Devolved didactic help-desk,2014-10-22,31,Documental
Margaret Newman,Digitized bifurcated model,2005-3-9,96,Terror
Andrea Little,Multi-layered system-worthy utilization,2002-6-11,96,Historia
Jeremy Perez,Object-based scalable algorithm,2019-6-17,82,Familia
Denise Pitts,Organized dedicated middleware,2008-6-26,75,Musical
Audrey Wallace,Fully-configurable regional budgetary management,2003-11-1,44,Deporte
Ashley Carter,Operative radical benchmark,2007-12-16,63,Musical
Anthony Mcclure,Re-engineered 5thgeneration matrix,2006-3-5,68,Drama
Patricia Murray,Multi-tiered systemic success,2007-8-3,87,Misterio
Katelyn Werner,Front-line dynamic time-frame,2002-2-6,5,Animacion
John Miller,Re-contextualized intermediate paradigm,2005-3-21,42,Romance
Michael Martin,Multi-layered interactive moratorium,2010-5-7,6,Guerra
Billy May,Exclusive background Local Area Network,2007-8-15,71,Comedia
Jacob White,Phased fresh-thinking matrix,2018-10-15,10,Terror
Melinda Johnson,Automated leadingedge toolset,2013-4-6,7,Accion y aventuras
Gregory Taylor,Automated background secured line,2008-11-3,53,Animacion
Patrick Estes,User-friendly holistic application,2008-6-5,37,Guerra
Cheryl Williams,Automated attitude-oriented initiative,2009-9-1,69,Familia
Benjamin Walton,Polarized impactful workforce,2003-7-9,111,Animacion
Tanya Orozco,Centralized needs-based open architecture,2002-5-12,42,Romance
Luke Mcdonald,Networked global customer loyalty,2007-8-19,54,Romance
Matthew Marks,Reactive 4thgeneration approach,2002-12-11,16,Suspense
Christian Jackson,Self-enabling full-range encoding,2009-1-28,102,Animacion
Gina Weber,Multi-tiered global customer loyalty,2013-12-15,110,Terror
Kimberly Harris,Switchable homogeneous initiative,2016-2-6,35,Comedia
Elizabeth Davis,Polarized composite data-warehouse,2007-12-15,29,Familia
Jamie Scott,Centralized didactic middleware,2008-4-21,81,Deporte
Caleb Wood,Right-sized upward-trending solution,2015-9-17,25,Suspense
Joseph Hicks,Multi-layered system-worthy utilization,2009-4-28,93,Musical
Carlos Hernandez,Enhanced foreground process improvement,2016-2-2,97,Crimen
Morgan Rodriguez,Digitized actuating success,2010-7-27,57,Drama
Gilbert Reyes,Ergonomic heuristic artificial intelligence,2003-10-12,72,Crimen
Randy Deleon,Expanded explicit workforce,2020-3-16,44,Crimen
Michael King,Automated dedicated moratorium,2014-8-15,55,Familia
Patrick Martin,Polarized secondary algorithm,2003-9-24,24,Comedia
Dr. Natasha Johnson,Robust radical encryption,2002-2-22,48,Romance
Kelly Scott,Stand-alone value-added function,2013-3-25,81,Western
Tammy Owens,Sharable asynchronous info-mediaries,2000-7-5,120,Guerra
Brittany Hodge,Automated background secured line,2018-6-13,105,Ciencia ficcion
Patrick Goodman,Open-architected explicit toolset,2007-4-27,47,Terror
Dr. Gloria Mcclain,Seamless bandwidth-monitored intranet,2000-12-21,111,Documental
Joyce Wood,Front-line local Internet solution,2012-3-24,70,Terror
Claudia Guerra,Reverse-engineered intangible time-frame,2015-12-4,95,Romance
Cindy Winters,Re-engineered composite benchmark,2004-6-1,39,Fantasia
Michele Willis,Centralized optimal functionalities,2006-9-3,65,Suspense
Jeremy Collins,Vision-oriented zero-defect intranet,2015-12-4,43,Musical
Sarah Bowman,Multi-channeled dynamic monitoring,2006-1-21,66,Terror
Sandra Dixon,Exclusive background Local Area Network,2007-7-2,54,Terror
Nathaniel Terrell,Reactive background synergy,2004-1-13,107,Crimen
Nicole Long,Reverse-engineered mobile interface,2009-1-8,10,Fantasia
Mary Bolton,Compatible zero-defect encryption,2017-10-5,75,Guerra
Juan Brown,Fundamental human-resource synergy,2016-9-10,93,Comedia
Billy Hernandez,Total 4thgeneration emulation,2003-2-4,43,Romance
Jamie Parker,Streamlined multi-tasking framework,2004-3-2,70,Documental
John Coffey,Triple-buffered dedicated archive,2001-2-25,89,Crimen
Michael Terry,Customer-focused fault-tolerant function,2006-1-12,29,Familia
Francisco Curry,Organic scalable artificial intelligence,2006-12-27,108,Misterio
Andrew Wright,Multi-lateral composite process improvement,2019-5-19,105,Crimen
Sarah Bryan,Advanced analyzing task-force,2001-7-6,37,Musical
Jacqueline Scott,Multi-channeled solution-oriented service-desk,2017-3-23,46,Historia
Michelle French,Multi-channeled 24/7 projection,2017-5-3,88,Western
Marie Alvarado,User-centric multimedia leverage,2019-12-15,19,Musical
Mr. Dennis Barnes,Streamlined foreground conglomeration,2003-1-1,11,Misterio
Sean Dixon,Open-source global task-force,2015-1-10,44,Suspense
Ryan Campbell III,Multi-lateral dedicated neural-net,2019-9-19,79,Musical
Amy Schmidt,Seamless multi-tasking parallelism,2009-10-23,28,Romance
Kelly Hurst,Implemented incremental Local Area Network,2017-4-3,25,Terror
Benjamin Walton,Phased tangible intranet,2017-9-8,71,Terror
Tina Tran,Versatile leadingedge array,2014-12-17,36,Guerra
Yvonne Morgan,Front-line attitude-oriented project,2019-4-12,63,Accion y aventuras
Shirley David,Seamless multimedia system engine,2016-7-18,30,Familia
Christopher Mcmillan,De-engineered analyzing success,2014-3-19,34,Guerra
Laura Myers,Synergistic actuating project,2003-2-13,107,Historia
Sean Trevino,Innovative 24/7 migration,2011-3-26,75,Terror
Andrew Kim,Public-key zero tolerance encryption,2002-11-23,44,Comedia
Matthew Davis,Cloned executive moratorium,2006-10-5,74,Musical
Danielle Sharp,Adaptive reciprocal contingency,2009-5-15,112,Fantasia
Kevin Baker,Devolved cohesive function,2006-12-10,44,Western
Steven Taylor,Automated holistic encryption,2016-3-13,101,Drama
Jennifer Carrillo,Persistent client-server artificial intelligence,2012-9-27,97,Documental
Mark Larson,Enhanced needs-based firmware,2001-11-27,96,Western
Miranda Swanson,Persevering logistical flexibility,2005-6-11,83,Historia
Mark Schmitt,Digitized executive task-force,2017-10-25,29,Fantasia
Mr. Jonathan George,Cross-group asynchronous Internet solution,2006-11-23,77,Western
Gary Rivera,Right-sized upward-trending solution,2017-3-5,55,Familia
Victor Johnson,Compatible demand-driven help-desk,2012-8-9,89,Terror
Marco Ramsey,Innovative asymmetric migration,2005-6-8,55,Guerra
Amanda Hester,Multi-lateral disintermediate extranet,2012-3-24,93,Romance
Douglas Barton,Self-enabling dedicated customer loyalty,2012-1-20,33,Guerra
Eric Rodriguez,Visionary solution-oriented emulation,2020-11-20,85,Guerra
Jonathan Morton,Horizontal didactic parallelism,2003-9-20,9,Guerra
Pamela Sims,Cloned multi-state contingency,2000-8-20,118,Western
Vanessa Lewis,Front-line bifurcated time-frame,2015-6-8,1,Fantasia
Jose Stevens,Digitized full-range portal,2011-3-27,73,Comedia
Steven Smith,User-friendly local contingency,2001-8-14,104,Suspense
Krystal Weeks DDS,Implemented holistic array,2002-5-6,117,Comedia
Regina Williams,Multi-tiered high-level architecture,2017-6-14,32,Familia
Joshua Sampson,Universal responsive definition,2015-10-5,103,Familia
Janet Sharp,Organized zero tolerance Internet solution,2010-7-22,90,Romance
Brittany Sims,User-centric neutral firmware,2009-10-4,49,Crimen
Christine Delgado MD,Cloned foreground approach,2012-5-5,5,Western
Gregory Beltran,Organized dynamic leverage,2012-12-6,62,Accion y aventuras
Austin Morris,Robust clear-thinking paradigm,2015-5-18,90,Crimen
Pam Powell,Customizable secondary support,2007-4-8,93,Musical
Alexander Hutchinson,Profound leadingedge capacity,2008-10-9,49,Historia
David Valencia,Decentralized analyzing success,2002-2-10,24,Animacion
Christina Edwards,Monitored background toolset,2019-9-5,113,Documental
Jared Mueller,Synergistic transitional task-force,2014-7-5,65,Accion y aventuras
Christopher Medina,Seamless user-facing Local Area Network,2000-3-24,16,Musical
Martha Little,Persevering fresh-thinking utilization,2009-1-15,38,Musical
Andrew Mitchell,Intuitive clear-thinking application,2016-9-17,108,Guerra
Madison Bradley,Sharable 5thgeneration collaboration,2007-5-14,27,Terror
Jennifer Cervantes,Cross-group full-range framework,2005-9-7,37,Documental
Kristina Hopkins,Horizontal full-range encryption,2010-10-22,9,Crimen
Lori Stewart,Visionary dynamic moratorium,2020-11-19,96,Deporte
Kevin Novak,Fully-configurable background Graphical User Interface,2001-7-11,35,Drama
Grant Crane,Intuitive clear-thinking application,2018-9-24,58,Misterio
Russell Jackson,Advanced 5thgeneration knowledgebase,2014-7-22,47,Romance
Michael Mcgee,Customizable bi-directional policy,2013-6-9,5,Terror
Christopher Christian,Versatile responsive implementation,2018-12-20,75,Crimen
Isaiah Matthews,Advanced next generation contingency,2004-3-12,116,Misterio
Molly Wilson,Horizontal clear-thinking system engine,2008-1-21,28,Accion y aventuras
Cheryl Delacruz,Secured neutral open architecture,2012-4-27,31,Guerra
Donna Daniel,Automated well-modulated architecture,2004-5-25,26,Crimen
Richard Howard,Diverse 24/7 standardization,2000-10-18,47,Guerra
Mr. Jonathan George,Profound motivating artificial intelligence,2007-3-3,95,Historia
Victoria Dixon,Optional intermediate info-mediaries,2000-3-12,46,Suspense
Ashley Ross,Reactive 5thgeneration throughput,2019-10-11,70,Crimen
Eugene Butler,De-engineered content-based implementation,2019-9-6,30,Comedia
Cindy Dunn,Triple-buffered actuating initiative,2011-2-9,111,Drama
Morgan Miller,Fundamental heuristic array,2013-2-4,75,Drama
Emily Nichols,Devolved directional service-desk,2002-6-18,75,Romance
Emily Cooper,Robust neutral focus group,2013-2-16,45,Romance
Glenn Chapman,Intuitive 5thgeneration neural-net,2000-11-24,105,Historia
John Mcbride,Managed zero tolerance artificial intelligence,2000-11-4,100,Ciencia ficcion
Jose Henry,Vision-oriented composite functionalities,2002-8-16,75,Crimen
Erika Kennedy,Fundamental discrete encoding,2002-7-15,6,Misterio
David Scott,Expanded analyzing help-desk,2001-11-14,42,Suspense
Eddie Rose,User-friendly coherent Local Area Network,2013-11-24,103,Western
Mary Clark,Face-to-face regional capacity,2014-5-10,69,Guerra
Seth Peterson,Virtual clear-thinking approach,2014-5-15,19,Documental
Christopher Mcmillan,Function-based asynchronous budgetary management,2016-10-16,50,Drama
Krystal Gibson MD,Operative maximized capability,2016-11-9,1,Misterio
Phyllis Johnson,Optimized motivating system engine,2020-2-22,13,Misterio
Rebecca Davis,Profit-focused incremental knowledgebase,2013-12-25,107,Comedia
Michelle Day,Face-to-face even-keeled collaboration,2010-2-13,42,Drama
Melissa Cook,Fundamental directional matrix,2007-4-11,77,Accion y aventuras
Kelly Turner,Operative optimal ability,2019-3-9,64,Musical
Steve Wilkerson,Object-based eco-centric hardware,2014-10-15,5,Musical
Heather Blake,Configurable exuding utilization,2014-9-28,26,Crimen
Meagan Brown,Function-based methodical matrices,2006-6-22,26,Documental
Karl Chase,Persevering clear-thinking conglomeration,2012-1-1,47,Documental
Kayla Beard,Future-proofed client-server service-desk,2005-2-2,74,Accion y aventuras
Audrey Avery,Switchable bifurcated artificial intelligence,2005-8-7,8,Terror
Dana Melton,Customer-focused needs-based portal,2004-1-27,27,Crimen
Timothy Daniels,Re-engineered explicit architecture,2020-4-9,18,Fantasia
Mary Bolton,Extended zero-defect adapter,2012-6-6,8,Accion y aventuras
James Chambers,Extended multi-state moderator,2002-6-22,62,Historia
Cassandra Gonzalez,Seamless systemic database,2014-5-19,88,Suspense
Stephanie Smith,Mandatory optimal toolset,2015-12-9,21,Terror
Mrs. Theresa Hall,Digitized bottom-line firmware,2018-6-4,114,Deporte
Jack Estrada,Grass-roots impactful orchestration,2002-1-7,55,Romance
Laura Nicholson,Operative bifurcated throughput,2015-8-18,36,Guerra
Jeffrey Garrett,Triple-buffered explicit portal,2016-5-19,114,Romance
Misty Mckenzie,Persistent coherent budgetary management,2011-2-15,35,Historia
Dustin Perez,Cloned explicit adapter,2003-4-25,68,Romance
Amber Stark,Realigned responsive approach,2015-6-5,100,Familia
Brittany Taylor,Multi-channeled optimizing projection,2004-6-28,87,Deporte
Kelly Brown,Profound eco-centric portal,2010-5-19,74,Terror
John Doe,Intuitive hybrid process improvement,2008-11-5,66,Guerra
Kevin Sullivan,Advanced 3rdgeneration migration,2003-10-6,71,Animacion
David Allen,Total 4thgeneration emulation,2011-8-18,80,Misterio
Gilbert Reyes,Realigned leadingedge hierarchy,2006-6-21,58,Historia
Tammy Mahoney,Re-contextualized content-based standardization,2013-1-23,108,Ciencia ficcion
Joseph Sanchez,Mandatory optimal toolset,2004-4-17,9,Terror
Melanie Phillips,Networked optimizing contingency,2005-2-22,109,Ciencia ficcion
Kevin Bishop,Right-sized attitude-oriented circuit,2009-11-26,99,Guerra
Daniel Alexander,Versatile asymmetric array,2017-12-11,51,Familia
Connie Johnson,Digitized full-range portal,2012-7-21,57,Suspense
Danielle Williams,Open-architected explicit toolset,2002-2-7,90,Documental
Brandon Smith,De-engineered bottom-line workforce,2002-10-2,108,Familia
Thomas Garrett,Integrated zero-defect synergy,2011-2-18,12,Accion y aventuras
Michael Trujillo,Balanced high-level solution,2002-11-28,8,Western
Debra Black,Multi-layered bottom-line info-mediaries,2000-4-5,56,Animacion
John Hamilton,Cloned local functionalities,2013-10-18,100,Historia
Kayla Mcclain,Assimilated background initiative,2011-12-8,10,Familia
Shawn Neal,Reactive 5thgeneration throughput,2006-4-26,53,Misterio
Teresa Robinson,Enterprise-wide system-worthy help-desk,2002-12-13,5,Animacion
Joshua Charles,Distributed non-volatile application,2017-1-22,21,Musical
Janet Ross,Polarized solution-oriented concept,2009-10-28,100,Terror
Mr. Robert Hawkins,Organized high-level Graphic Interface,2008-6-3,97,Familia
Dale Middleton,Synchronized demand-driven toolset,2008-7-10,114,Fantasia
Robert Davis,Monitored coherent matrix,2014-4-3,85,Deporte
Donna Daniel,Sharable asynchronous info-mediaries,2016-5-27,47,Animacion
David Rodriguez,Distributed eco-centric data-warehouse,2010-5-7,42,Crimen
Thomas Smith,Right-sized attitude-oriented circuit,2000-2-23,16,Misterio
Patricia Murray,Re-contextualized intermediate paradigm,2009-9-15,12,Suspense
Amy Schmidt,Organized clear-thinking application,2000-11-22,118,Guerra
Adam Castro,Inverse empowering moderator,2000-8-13,89,Guerra
Gloria Hess,Devolved cohesive function,2001-10-23,85,Guerra
Karen Patton,Networked exuding synergy,2019-2-2,115,Familia
Jessica Dean,Pre-emptive eco-centric intranet,2013-12-8,117,Animacion
Leonard Le,Programmable regional success,2017-12-6,73,Ciencia ficcion
Luis Miranda,Reverse-engineered 5thgeneration groupware,2020-4-12,27,Romance
Tina Nelson,Operative attitude-oriented product,2019-12-25,28,Musical
Jean Beltran,Customizable stable approach,2007-5-28,11,Deporte
Tanya Mason,Team-oriented directional moratorium,2005-6-25,95,Fantasia
Lisa Ashley,Implemented empowering orchestration,2014-11-27,119,Terror
Jennifer Campbell,Exclusive grid-enabled Internet solution,2016-2-26,14,Fantasia
Lauren Grant,Innovative zero-defect artificial intelligence,2000-9-13,10,Historia
Vanessa Weaver,Exclusive eco-centric projection,2019-3-24,59,Misterio
Karen Brown,Devolved hybrid toolset,2017-3-24,101,Fantasia
Adrian Torres,Implemented bottom-line budgetary management,2014-1-14,73,Misterio
Robert Garcia,Integrated logistical instruction set,2016-11-5,76,Documental
Tammy Estes,Mandatory didactic frame,2014-11-26,85,Suspense
Angela Davis,Progressive next generation matrices,2012-6-27,5,Fantasia
Dennis Wade,Synergistic transitional task-force,2014-5-3,102,Familia
Sara Hendricks,Switchable multi-state knowledgebase,2008-8-27,98,Guerra
Robert Manning,Face-to-face incremental framework,2007-1-12,58,Animacion
Christian Jackson,Function-based needs-based open architecture,2012-3-6,57,Romance
Eric Rodgers,Seamless bandwidth-monitored intranet,2009-12-27,10,Documental
Marc Thomas,Persistent fresh-thinking algorithm,2008-10-7,97,Guerra
Amy Zimmerman,Multi-lateral 24/7 contingency,2016-8-24,23,Ciencia ficcion
Dawn Gonzales,Open-architected maximized monitoring,2000-11-4,47,Fantasia
Tony Smith,Reverse-engineered bifurcated utilization,2020-9-10,99,Terror
Carmen Castillo,Compatible optimal forecast,2017-3-18,101,Deporte
Louis Rios,Organized dynamic leverage,2001-5-1,70,Ciencia ficcion
Eric Howard,User-centric radical workforce,2015-4-19,56,Guerra
Megan Vasquez,Reverse-engineered mobile interface,2002-6-25,5,Fantasia
Jessica Phillips,Enterprise-wide 3rdgeneration process improvement,2020-11-27,67,Ciencia ficcion
Christopher Jones,Object-based eco-centric hardware,2011-12-4,68,Crimen
Tanner King,Enterprise-wide foreground circuit,2018-6-5,39,Misterio
Christine Lee,Proactive leadingedge migration,2014-6-18,44,Fantasia
